nivel,codigo,nombre,parent
segmento,10,"Material Vivo Vegetal y Animal, Accesorios y Suministros",
segmento,11,"Material Mineral, Textil y  Vegetal y Animal No Comestible",
segmento,12,Material Químico incluyendo Bioquímicos y Materiales de Gas,
segmento,13,"Materiales de Resina, Colofonia, Caucho, Espuma, Película y Elastómericos",
segmento,14,Materiales y Productos de Papel,
segmento,15,"Materiales Combustibles, Aditivos para Combustibles, Lubricantes y Anticorrosivos",
segmento,20,Maquinaria y Accesorios de Minería y Perforación de Pozos,
segmento,21,"Maquinaria y Accesorios para Agricultura, Pesca, Silvicultura y Fauna",
segmento,22,Maquinaria y Accesorios para Construcción y Edificación,
segmento,23,Maquinaria y Accesorios para Manufactura y Procesamiento Industrial,
segmento,24,"Maquinaria, Accesorios y Suministros para Manejo, Acondicionamiento y Almacenamiento de Materiales",
segmento,25,"Vehículos Comerciales, Militares y Particulares, Accesorios y Componentes",
segmento,26,Maquinaria y Accesorios para Generación y Distribución de Energía,
segmento,27,Herramientas y Maquinaria General,
segmento,30,"Componentes y Suministros para Estructuras, Edificación, Construcción y Obras Civiles",
segmento,31,Componentes y Suministros de Manufactura,
segmento,32,Componentes y Suministros Electrónicos,
segmento,39,"Componentes, Accesorios y Suministros de Sistemas Eléctricos e Iluminación",
segmento,40,Componentes y Equipos para Distribución y Sistemas de Acondicionamiento,
segmento,41,"Equipos y Suministros de Laboratorio, de Medición, de Observación y de Pruebas",
segmento,42,"Equipo Médico, Accesorios y Suministros",
segmento,43,Difusión de Tecnologías de Información y Telecomunicaciones,
segmento,44,"Equipos de Oficina, Accesorios y Suministros",
segmento,45,"Equipos y Suministros para Impresión, Fotografia y Audiovisuales",
segmento,46,"Equipos y Suministros de Defensa, Orden Publico, Proteccion, Vigilancia y Seguridad",
segmento,47,Equipos de Limpieza y Suministros,
segmento,48,"Maquinaria, Equipo y Suministros para la Industria de Servicios",
segmento,49,"Equipos, Suministros y Accesorios para Deportes y Recreación",
segmento,50,"Alimentos, Bebidas y Tabaco",
segmento,51,Medicamentos y Productos Farmacéuticos,
segmento,52,"Artículos Domésticos, Suministros y Productos Electrónicos de Consumo",
segmento,53,"Ropa, Maletas y Productos de Aseo Personal",
segmento,54,"Productos para Relojería, Joyería y Piedras Preciosas",
segmento,55,"Publicaciones Impresas, Publicaciones Electrónicas y Accesorios",
segmento,56,"Muebles, Mobiliario y Decoración",
segmento,60,"Instrumentos Musicales, Juegos, Juguetes, Artes, Artesanías y Equipo educativo, Materiales, Accesorios y Suministros",
segmento,70,"Servicios de Contratacion Agrícola, Pesquera, Forestal y de Fauna",
segmento,71,"Servicios de Minería, Petróleo y Gas",
segmento,72,"Servicios de Edificación, Construcción de Instalaciones y Mantenimiento",
segmento,73,Servicios de Producción Industrial y Manufactura,
segmento,76,"Servicios de Limpieza, Descontaminación y Tratamiento de Residuos",
segmento,77,Servicios Medioambientales,
segmento,78,"Servicios de Transporte, Almacenaje y Correo",
segmento,80,"Servicios de Gestión, Servicios Profesionales de Empresa y Servicios Administrativos",
segmento,81,"Servicios Basados en Ingeniería, Investigación y Tecnología",
segmento,82,"Servicios Editoriales, de Diseño, de Artes Graficas y Bellas Artes",
segmento,83,Servicios Públicos y Servicios Relacionados con el Sector Público,
segmento,84,Servicios Financieros y de Seguros,
segmento,85,Servicios de Salud,
segmento,86,Servicios Educativos y de Formación,
segmento,90,"Servicios de Viajes, Alimentación, Alojamiento y Entretenimiento",
segmento,91,Servicios Personales y Domésticos,
segmento,92,"Servicios de Defensa Nacional, Orden Publico, Seguridad y Vigilancia",
segmento,93,Servicios Políticos y de Asuntos Cívicos,
segmento,94,Organizaciones y Clubes,
segmento,95,"Terrenos, Edificios, Estructuras y Vías",
familia,1010,Animales vivos,10
familia,1011,Productos para animales domésticos,10
familia,1012,Comida de animales,10
familia,1013,Recipientes y hábitat para animales,10
familia,1014,Productos de talabartería y arreo,10
familia,1015,"Semillas, bulbos, plántulas y esquejes",10
familia,1016,Productos de floricultura y silvicultura,10
familia,1017,Fertilizantes y nutrientes para plantas y herbicidas,10
familia,1019,Productos para el control de plagas,10
familia,1020,Rosales vivos,10
familia,1021,Plantas vivas  de especies o variedades de flores altas,10
familia,1022,Plantas vivas  de especies o variedades de flores bajas,10
familia,1023,Crisantemos vivos,10
familia,1024,Claveles vivos,10
familia,1025,Orquídeas vivas,10
familia,1030,Rosas frescas cortadas,10
familia,1031,Bouquets cortados frescos  de especies o variedades de flores altas,10
familia,1032,Bouquets cortados frescos  de especies o variedades de flores bajas,10
familia,1033,Crisantemos cortados frescos,10
familia,1034,Bouquets florales cortados frescos,10
familia,1035,Claveles cortados frescos,10
familia,1036,Orquídeas cortadas frescas,10
familia,1040,Rosas cortadas secas,10
familia,1041,Bouquets cortados secos  de especies o variedades de flores altas,10
familia,1042,Bouquets cortados secos  de especies o variedades de flores bajas,10
familia,1043,Crisantemos cortados secos,10
familia,1044,Claveles cortados secos,10
familia,1045,Orquídeas cortadas secas,10
familia,1050,Follaje cortado fresco,10
familia,1110,"Minerales, minerales metálicos y metales",11
familia,1111,Tierra y piedra,11
familia,1112,Productos no comestibles de planta y silvicultura,11
familia,1113,Productos animales no comestibles,11
familia,1114,Chatarra y materiales de desecho,11
familia,1115,"Fibra, hilos e hilados",11
familia,1116,Tejidos y materiales de cuero,11
familia,1117,Aleaciones,11
familia,1118,Óxido metálico,11
familia,1119,Desechos metálicos y chatarra,11
familia,1213,Materiales explosivos,12
familia,1214,Elementos y gases,12
familia,1216,Aditivos,12
familia,1217,Colorantes,12
familia,1218,Ceras y aceites,12
familia,1219,Solventes,12
familia,1235,Compuestos y mezclas,12
familia,1310,Caucho y elastómeros,13
familia,1311,Resinas y colofonias y otros materiales derivados de resina,13
familia,1410,Materiales de papel,14
familia,1411,Productos de papel,14
familia,1412,Papel para uso industrial,14
familia,1510,Combustibles,15
familia,1511,Combustibles gaseosos y aditivos,15
familia,1512,"Lubricantes, aceites, grasas y anticorrosivos",15
familia,1513,Combustible para reactores nucleares,15
familia,2010,Maquinaria y equipo de minería y explotación de canteras,20
familia,2011,Equipo de perforación y explotación de pozos,20
familia,2012,Equipo para perforación y exploración de petróleo y gas,20
familia,2013,Materiales para  perforación y operaciones de petróleo y gas,20
familia,2014,Equipo de producción y operación de petróleo y gas,20
familia,2110,"Maquinaria y equipo para agricultura, silvicultura y paisajismo",21
familia,2111,Equipo de pesca y acuicultura,21
familia,2210,Maquinaria y equipo pesado de construcción,22
familia,2310,Maquinaria para el procesamiento de materias primas,23
familia,2311,Maquinaria para el procesamiento de petróleo,23
familia,2312,Maquinaria y accesorios de textiles y tejidos,23
familia,2313,Maquinaria y equipos lapidarios,23
familia,2314,Maquinaria de reparación y accesorios para marroquinería,23
familia,2315,"Maquinaria, equipo y suministros de procesos industriales",23
familia,2316,"Máquinas, equipo y suministros para fundición",23
familia,2318,Equipo industrial para alimentos y bebidas,23
familia,2319,Mezcladores y sus partes y accesorios,23
familia,2320,Equipamiento para transferencia de masa,23
familia,2321,"Maquinaria de fabricación electrónica, equipo y accesorios",23
familia,2322,Equipo y maquinaria de procesamiento de pollos,23
familia,2323,Equipo y maquinaria de procesamiento de madera y aserrado,23
familia,2324,Maquinaria y accesorios para cortar metales,23
familia,2325,Maquinaria y accesorios para el formado de metales,23
familia,2326,Maquinaria y accesorios para hacer prototipos rápidos,23
familia,2327,Maquinaria y accesorios y suministros para soldadura de todas las clases,23
familia,2328,Maquinaria para el tratamiento de metal,23
familia,2329,Herramientas de maquinado industrial,23
familia,2330,Maquinaria y equipo para cable,23
familia,2410,Maquinaria y equipo para manejo de materiales,24
familia,2411,Recipientes y almacenamiento,24
familia,2412,Materiales de empaque,24
familia,2413,Refrigeración industrial,24
familia,2414,Suministros de embalaje,24
familia,2510,Vehículos de motor,25
familia,2511,Transporte marítimo,25
familia,2512,Maquinaria y equipo para ferrocarril y tranvías,25
familia,2513,Aeronaves,25
familia,2515,Naves espaciales,25
familia,2516,Bicicletas no motorizadas,25
familia,2517,Componentes y sistemas de transporte,25
familia,2518,Carrocerías y remolques,25
familia,2519,Equipo para servicios de transporte,25
familia,2520,Sistemas  y componentes y equipos aeroespaciales,25
familia,2610,Fuentes de energía,26
familia,2611,Baterías y generadores y transmisión de energía cinética,26
familia,2612,"Alambres, cables y arneses",26
familia,2613,Generación de energía,26
familia,2614,Maquinaria y equipo para energía atómica o nuclear,26
familia,2711,Herramientas de mano,27
familia,2712,Maquinaria y equipo hidráulico,27
familia,2713,Maquinaria y equipo neumático,27
familia,2714,Herramientas especializadas automotrices,27
familia,3010,Componentes estructurales y formas básicas,30
familia,3011,"Hormigón, cemento y yeso",30
familia,3012,Carreteras y paisaje,30
familia,3013,Productos de construcción estructurales,30
familia,3014,Aislamiento,30
familia,3015,Materiales para acabado de exteriores,30
familia,3016,Materiales de acabado de interiores,30
familia,3017,Puertas y ventanas y vidrio,30
familia,3018,Instalaciones de plomería,30
familia,3019,Equipo de apoyo para Construcción y Mantenimiento,30
familia,3024,Componentes de construcción de estructura portátil,30
familia,3025,Estructuras y materiales de minería subterránea,30
familia,3026,Materiales estructurales,30
familia,3110,Piezas de fundición y ensambles de piezas de fundición,31
familia,3111,Extrusiones,31
familia,3112,Piezas fundidas maquinadas,31
familia,3113,Forjaduras,31
familia,3114,Molduras,31
familia,3115,"Cuerda, cadena, cable, alambre y correa",31
familia,3116,Ferretería,31
familia,3117,"Rodamientos, cojinetes ruedas y engranajes",31
familia,3118,"Empaques, glándulas, fundas y cubiertas",31
familia,3119,Materiales de afilado pulido y alisado,31
familia,3120,Adhesivos y selladores,31
familia,3121,Pinturas y bases y acabados,31
familia,3122,Extractos de teñir y de curtir,31
familia,3123,Materia prima en placas o barras labradas,31
familia,3124,Óptica industrial,31
familia,3125,"Sistemas de control neumático, hidráulico o eléctrico",31
familia,3126,"Cubiertas, cajas y envolturas",31
familia,3127,Piezas hechas a máquina,31
familia,3128,Componentes de placa y estampados,31
familia,3129,Extrusiones maquinadas,31
familia,3130,Forjas labradas,31
familia,3131,Ensambles de tubería fabricada,31
familia,3132,Ensambles fabricados de material en barras,31
familia,3133,Ensambles estructurales fabricados,31
familia,3134,Ensambles de lámina fabricado,31
familia,3135,Ensambles de tubería fabricada,31
familia,3136,Ensambles de placa fabricados,31
familia,3137,Refractarios,31
familia,3138,Imanes y materiales magnéticos,31
familia,3139,Maquinados,31
familia,3140,Empaques,31
familia,3141,Sellos,31
familia,3142,Partes sinterizadas,31
familia,3210,"Circuitos impresos, circuitos integrados y micro ensamblajes",32
familia,3211,Dispositivo semiconductor discreto,32
familia,3212,Componentes pasivos discretos,32
familia,3213,Piezas de componentes y hardware electrónicos y accesorios,32
familia,3214,Dispositivos de tubo electrónico y accesorios,32
familia,3215,Dispositivos y componentes y accesorios de control de automatización,32
familia,3910,Lámparas y bombillas y componentes para lámparas,39
familia,3911,"Iluminación, artefactos y accesorios",39
familia,3912,"Equipos, suministros y componentes eléctricos",39
familia,3913,Dispositivos y accesorios y suministros de manejo de cable eléctrico,39
familia,4010,"Calefacción, ventilación y circulación del aire",40
familia,4014,Distribución de fluidos y gas,40
familia,4015,Bombas y compresores industriales,40
familia,4016,Filtrado y purificación industrial,40
familia,4017,Instalaciones de tubos y entubamientos,40
familia,4018,Instalaciones de tubos y tuberías,40
familia,4110,Equipo de laboratorio y científico,41
familia,4111,"Instrumentos de medida, observación y ensayo",41
familia,4112,Suministros y accesorios de laboratorio,41
familia,4212,Equipos y suministros veterinarios,42
familia,4213,Telas y vestidos médicos,42
familia,4214,"Suministros, productos de tratamiento y cuidado del enfermo",42
familia,4215,Equipos y suministros dentales,42
familia,4216,Equipo de diálisis y suministros,42
familia,4217,Productos para los servicios médicos de urgencias y campo,42
familia,4218,Productos de examen y control del paciente,42
familia,4219,Productos de centro médico,42
familia,4220,Productos de hacer imágenes diagnósticas médicas y de medicina nuclear,42
familia,4221,Ayuda para personas con desafíos físicos para vivir independiente,42
familia,4222,Productos para administración intravenosa y arterial,42
familia,4223,Nutrición clínica,42
familia,4224,Productos medicinales de deportes y ortopédicos y prótesis,42
familia,4225,Productos de rehabilitación y terapia ocupacional y física,42
familia,4226,Equipo y suministros post mortem y funerarios,42
familia,4227,"Productos de resucitación, anestesia y respiratorio",42
familia,4228,Productos para la esterilización médica,42
familia,4229,Productos quirúrgicos,42
familia,4230,Suministros para formación y estudios de medicina,42
familia,4231,Productos para el cuidado de heridas,42
familia,4232,Implantes ortopédicos quirúrgicos,42
familia,4319,Dispositivos de comunicaciones y accesorios,43
familia,4320,"Componentes para tecnología de la información, difusión o telecomunicaciones",43
familia,4321,Equipo informático y accesorios,43
familia,4322,Equipos o plataformas y accesorios de redes multimedia o de voz y datos,43
familia,4323,Software,43
familia,4410,"Maquinaria, suministros y accesorios de oficina",44
familia,4411,Accesorios de oficina y escritorio,44
familia,4412,Suministros de oficina,44
familia,4510,Equipo de imprenta y publicación,45
familia,4511,Equipos de audio y video para presentación y composición,45
familia,4512,"Equipo de vídeo, filmación o fotografía",45
familia,4513,Medios fotográficos y de grabación,45
familia,4514,Suministros fotográficos para cine,45
familia,4610,Armas ligeras y munición,46
familia,4611,Armas de guerra convencionales,46
familia,4612,Misiles,46
familia,4613,Cohetes y subsistemas,46
familia,4614,Lanzadores,46
familia,4615,Protección del Orden Público,46
familia,4616,Seguridad y control público,46
familia,4617,"Seguridad, vigilancia y detección",46
familia,4618,Seguridad y protección personal,46
familia,4619,Protección contra incendios,46
familia,4620,"Equipo de entrenamiento de seguridad física e industrial, defensa y orden público",46
familia,4710,"Tratamiento, suministros y eliminación de agua y aguas residuales",47
familia,4711,Equipo industrial de lavandería y lavado en seco,47
familia,4712,Equipo de aseo,47
familia,4713,Suministros de aseo y limpieza,47
familia,4810,Equipos de servicios de alimentación para instituciones,48
familia,4811,Máquinas expendedoras,48
familia,4812,Equipo de Juego o de Apostar,48
familia,4813,Equipo y materiales funerarios,48
familia,4910,Coleccionables y condecoraciones,49
familia,4912,Equipos y accesorios para acampada y exteriores,49
familia,4913,Equipos de pesca y caza,49
familia,4914,Equipos para deportes acuáticos,49
familia,4915,Equipos para deportes de invierno,49
familia,4916,Equipos deportivos para campos y canchas,49
familia,4917,Equipos de gimnasia y boxeo,49
familia,4918,"Juegos, equipo de tiro y mesa",49
familia,4920,Equipo para entrenamiento físico,49
familia,4921,Otros deportes,49
familia,4922,Equipo  y accesorios para deportes,49
familia,4924,"Equipo de recreo, parques infantiles y equipo y suministros de natación y de spa",49
familia,5010,Frutos secos,50
familia,5011,Productos de carne y aves de corral,50
familia,5012,Pescados y mariscos,50
familia,5013,Productos lácteos y huevos,50
familia,5015,Aceites y grasas comestibles,50
familia,5016,"Chocolates, azúcares, edulcorantes y productos de confitería",50
familia,5017,Condimentos y conservantes,50
familia,5018,Productos de panadería,50
familia,5019,Alimentos preparados y conservados,50
familia,5020,Bebidas,50
familia,5021,Tabaco y productos de fumar y substitutos,50
familia,5022,Productos de cereales y legumbres,50
familia,5030,Fruta fresca,50
familia,5031,Fruta orgánica fresca,50
familia,5032,Fruta seca,50
familia,5033,Fruta orgánica seca,50
familia,5034,Fruta congelada,50
familia,5035,Fruta orgánica congelada,50
familia,5036,Fruta en lata o en frasco,50
familia,5037,Fruta orgánica en lata o en frasco,50
familia,5038,Puré de frutas,50
familia,5040,Vegetales frescos,50
familia,5041,Vegetales orgánicos frescos,50
familia,5042,Vegetales secos,50
familia,5043,Vegetales orgánicos secos,50
familia,5044,Vegetales congelados,50
familia,5045,Vegetales orgánicos congelados,50
familia,5046,Vegetales en lata o en frasco,50
familia,5047,Vegetales orgánicos en lata o en frasco,50
familia,5110,Medicamentos antiinfecciosos,51
familia,5111,Agentes antitumorales,51
familia,5112,Medicamentos cardiovasculares,51
familia,5113,Medicamentos hematólogos,51
familia,5114,Medicamentos para el sistema nervioso central,51
familia,5115,Medicamentos para el sistema nervioso autónomo,51
familia,5116,Medicamentos que afectan al sistema respiratorio,51
familia,5117,Medicamentos que afectan al sistema gastrointestinal,51
familia,5118,Hormonas y antagonistas hormonales,51
familia,5119,Agentes que afectan el agua y los electrolitos,51
familia,5120,Medicamentos inmunomoduladores,51
familia,5121,Categorías de medicamentos varios,51
familia,5124,"Fármacos que afectan a los oídos, los ojos, la nariz y la piel",51
familia,5125,Suplementos alimenticios veterinarios,51
familia,5210,Revestimientos de suelos,52
familia,5212,"Ropa de cama, mantelerías, paños de cocina y toallas",52
familia,5213,Tratamientos de ventanas,52
familia,5214,Aparatos electrodomésticos,52
familia,5215,Utensilios de cocina domésticos,52
familia,5216,Electrónica de consumo,52
familia,5217,Tratamientos de pared doméstica,52
familia,5310,Ropa,53
familia,5311,Calzado,53
familia,5312,"Maletas, bolsos de mano, mochilas y estuches",53
familia,5313,Artículos de tocador y cuidado personal,53
familia,5314,Fuentes y accesorios de costura,53
familia,5410,Joyería,54
familia,5411,Relojes,54
familia,5412,Gemas,54
familia,5510,Medios impresos,55
familia,5511,Material electrónico de referencia,55
familia,5512,Etiquetado y accesorios,55
familia,5610,Muebles de alojamiento,56
familia,5611,Muebles comerciales e industriales,56
familia,5612,"Mobiliario institucional, escolar y educativo y accesorios",56
familia,5613,Muebles y accesorios para merchandising,56
familia,5614,Adornos para el hogar,56
familia,6010,Materiales didácticos profesionales y de desarrollo y accesorios y suministros,60
familia,6011,Decoraciones y suministros del aula,60
familia,6012,"Equipo, accesorios y suministros de arte y manualidades",60
familia,6013,"Instrumentos musicales, piezas y accesorios",60
familia,6014,Juguetes y juegos,60
familia,7010,Pesquerías y acuicultura,70
familia,7011,Horticultura,70
familia,7012,Servicios de animales vivos,70
familia,7013,"Preparación, gestión y protección del terreno y del suelo",70
familia,7014,"Producción, gestión y protección de cultivos",70
familia,7015,Silvicultura,70
familia,7016,Fauna y flora silvestres,70
familia,7017,Desarrollo y vigilancia de recursos hidráulicos,70
familia,7110,Servicios de minería,71
familia,7111,Servicios de perforación y prospección petrolífera y de gas,71
familia,7112,Servicios de construcción y perforación de pozos,71
familia,7113,Servicios de aumento de la extracción y producción de gas y petróleo,71
familia,7114,Servicios de restauración y recuperación de gas y petróleo,71
familia,7115,Servicios de procesamiento y gestión de datos de petróleo y gas,71
familia,7116,Servicios de gerencia de proyectos en pozos de petróleo y gas,71
familia,7210,Servicios de mantenimiento y reparaciones de construcciones e instalaciones,72
familia,7211,Servicios de construcción de edificaciones residenciales,72
familia,7212,Servicios de construcción de edificaciones no residenciales,72
familia,7214,Servicios de construcción pesada,72
familia,7215,Servicios de mantenimiento y construcción de comercio especializado,72
familia,7310,Industrias de plásticos y productos químicos,73
familia,7311,Industrias de la madera y el papel,73
familia,7312,Industrias del metal y de minerales,73
familia,7313,Industrias de alimentos y bebidas,73
familia,7314,"Industrias de fibras, textiles y de tejidos",73
familia,7315,Servicios de apoyo a la fabricación,73
familia,7316,Fabricación de maquinaria y equipo de transporte,73
familia,7317,Fabricación de productos eléctricos e instrumentos de precisión,73
familia,7318,Servicios de maquinado y procesado,73
familia,7610,Servicios de descontaminación,76
familia,7611,Servicios de aseo y limpieza,76
familia,7612,Eliminación y tratamiento de desechos,76
familia,7613,Limpieza de residuos tóxicos y peligrosos,76
familia,7710,Gestión medioambiental,77
familia,7711,Protección medioambiental,77
familia,7712,"Seguimiento, control y rehabilitación de la contaminación",77
familia,7713,"Servicios de seguimiento, control o rehabilitación de contaminantes",77
familia,7810,Transporte de correo y carga,78
familia,7811,Transporte de pasajeros,78
familia,7812,Manejo y embalaje de material,78
familia,7813,Almacenaje,78
familia,7814,Servicios de transporte,78
familia,7818,Servicios de mantenimiento o reparaciones de transportes,78
familia,8010,Servicios de asesoría de gestión,80
familia,8011,Servicios de recursos humanos,80
familia,8012,Servicios legales,80
familia,8013,Servicios inmobiliarios,80
familia,8014,Comercialización y distribución,80
familia,8015,Política comercial y servicios,80
familia,8016,Servicios de administración de empresas,80
familia,8110,Servicios profesionales de ingeniería,81
familia,8111,Servicios informáticos,81
familia,8112,Economía,81
familia,8113,Estadística,81
familia,8114,Tecnologías de fabricación,81
familia,8115,Servicios de pedología,81
familia,8116,Entrega de servicios de tecnología de información,81
familia,8210,Publicidad,82
familia,8211,Escritura y traducciones,82
familia,8212,Servicios de reproducción,82
familia,8213,Servicios fotográficos,82
familia,8214,Diseño gráfico,82
familia,8215,Artistas e intérpretes profesionales,82
familia,8310,Servicios públicos,83
familia,8311,Servicios de medios de telecomunicaciones,83
familia,8312,Servicios de información,83
familia,8410,Finanzas de desarrollo,84
familia,8411,Servicios de contabilidad y auditorias,84
familia,8412,Banca e inversiones,84
familia,8413,Servicios de seguros y pensiones,84
familia,8414,Agencias de crédito,84
familia,8510,Servicios integrales de salud,85
familia,8511,Prevención y control de enfermedades,85
familia,8512,Práctica médica,85
familia,8513,"Ciencia médica, investigación y experimentación",85
familia,8514,Medicina alternativa y holística,85
familia,8515,Servicios alimenticios y de nutrición,85
familia,8516,"Servicios de mantenimiento, renovación y reparación de equipo médico quirúrgico",85
familia,8517,Servicios de muerte y soporte al fallecimiento,85
familia,8610,Formación profesional,86
familia,8611,Sistemas educativos alternativos,86
familia,8612,Instituciones educativas,86
familia,8613,Servicios educativos especializados,86
familia,8614,Instalaciones educativas,86
familia,9010,Restaurantes y catering (servicios de comidas y bebidas),90
familia,9011,"Instalaciones hoteleras, alojamientos y centros de encuentros",90
familia,9012,Facilitación de viajes,90
familia,9013,Artes interpretativas,90
familia,9014,Deportes comerciales,90
familia,9015,Servicios de entretenimiento,90
familia,9110,Aspecto personal,91
familia,9111,Asistencia doméstica y personal,91
familia,9210,Orden público y seguridad,92
familia,9211,Servicios militares o defensa nacional,92
familia,9212,Seguridad y protección personal,92
familia,9310,Sistemas e instituciones políticas,93
familia,9311,Condiciones sociopolíticas,93
familia,9312,Relaciones internacionales,93
familia,9313,Ayuda y asistencia humanitaria,93
familia,9314,Servicios comunitarios y sociales,93
familia,9315,Servicios de administración y financiación pública,93
familia,9316,Tributación,93
familia,9317,Política y regulación comercial,93
familia,9410,Organizaciones laborales,94
familia,9411,Organizaciones religiosas,94
familia,9412,Clubes,94
familia,9413,"Organizaciones, asociaciones y movimientos cívicos",94
familia,9510,Parcelas de tierra,95
familia,9511,Vías,95
familia,9512,Estructuras y edificios permanentes,95
familia,9513,Estructuras y edificios móviles,95
familia,9514,Estructuras y edificios prefabricados,95
clase,101015,Animales de granja,1010
clase,101016,Pájaros y aves de corral,1010
clase,101017,Peces,1010
clase,101018,Mariscos e invertebrados acuáticos,1010
clase,101019,Insectos,1010
clase,101020,Animales salvajes,1010
clase,101113,Tratamientos para los animales domésticos y accesorios y equipo,1011
clase,101215,Pienso para ganado,1012
clase,101216,Alimento para pájaros y aves de corral,1012
clase,101217,Alimento para peces,1012
clase,101218,Alimento para perros y gatos,1012
clase,101219,Alimento para roedores,1012
clase,101220,Alimento para reptiles,1012
clase,101221,Comida para animales variados,1012
clase,101315,Cobertizos para animales,1013
clase,101316,Recipientes para animales,1013
clase,101317,Hábitat para animales,1013
clase,101415,Talabartería,1014
clase,101416,Arneses,1014
clase,101515,Semillas y plántulas vegetales,1015
clase,101516,Semillas de cereales,1015
clase,101517,Semillas y plántulas de hierba y forraje,1015
clase,101518,Semillas y plántulas de especias,1015
clase,101519,"Semillas, bulbos, plántulas y esquejes de flores",1015
clase,101520,Semillas y esquejes de árboles y arbustos,1015
clase,101521,Residuos que no sean de piensos,1015
clase,101522,Semillas de cultivos fibrosos y semilleros,1015
clase,101615,Árboles y arbustos,1016
clase,101616,Plantas florales,1016
clase,101618,Plantas sin flor,1016
clase,101619,Productos florales secos,1016
clase,101715,Abonos orgánicos y nutrientes para plantas,1017
clase,101716,Abonos químicos y nutrientes para plantas,1017
clase,101717,Herbicidas,1017
clase,101718,Acondicionadores de suelos,1017
clase,101915,Pesticidas o repelentes de plagas,1019
clase,101917,Dispositivos para control de plagas,1019
clase,102015,Rosales vivos azules o lavanda o púrpura,1020
clase,102016,Rosales vivos chocolate o marrón,1020
clase,102017,Rosales vivos crema,1020
clase,102018,Rosales vivos verdes o lima,1020
clase,102019,Rosales vivos rosado claro,1020
clase,102020,Rosales vivos multicolor rosados,1020
clase,102021,Rosales vivos anaranjados,1020
clase,102022,Rosales vivos durazno,1020
clase,102023,Rosales vivos rosados,1020
clase,102024,Rosales vivos rojos o burgundy,1020
clase,102025,Rosales vivos sweetheart,1020
clase,102026,Rosales vivos blancos,1020
clase,102027,Rosales vivos amarillos,1020
clase,102028,Rosales vivos spray,1020
clase,102115,Anturios vivos,1021
clase,102116,Allium vivo,1021
clase,102117,Astromelia viva,1021
clase,102118,Amaranto vivo,1021
clase,102119,Amaryllis vivo,1021
clase,102120,Anémona viva,1021
clase,102121,Asclepia viva,1021
clase,102122,Aster viva,1021
clase,102123,Berzelia viva,1021
clase,102124,Bouvaria viva,1021
clase,102125,Brodiaea viva,1021
clase,102126,Calla viva,1021
clase,102128,Celosia viva,1021
clase,102129,Narciso vivo,1021
clase,102130,Dalia viva,1021
clase,102131,Delphinium vivo,1021
clase,102132,Clavel (dianthus) vivo,1021
clase,102133,Eremruses vivas,1021
clase,102134,Brezo (erica) viva,1021
clase,102135,Euphorbia viva,1021
clase,102136,Fresia viva,1021
clase,102137,Ajedrezada viva,1021
clase,102138,Hiniesta viva,1021
clase,102139,Margarita viva,1021
clase,102140,Jengibre vivo,1021
clase,102141,Gladiolo vivo,1021
clase,102142,Godetia viva,1021
clase,102143,Bromelia viva,1021
clase,102144,Gypsophilia viva,1021
clase,102145,Brezo vivo,1021
clase,102146,Heliconia viva,1021
clase,102147,Jacinto vivo,1021
clase,102148,Hydrangea viva,1021
clase,102149,Iris Viva,1021
clase,102150,Pata de canguro viva,1021
clase,102151,Delfinio vivo,1021
clase,102152,Lepto vivo,1021
clase,102153,Lila viva,1021
clase,102154,Azucena viva,1021
clase,102155,Lavanda viva,1021
clase,102156,Lisianthus vivo,1021
clase,102157,Muscari viva,1021
clase,102158,Narciso vivo,1021
clase,102160,Pimientos ornamentales vivos,1021
clase,102161,Estrella de Belén viva,1021
clase,102162,Peonia viva,1021
clase,102163,Banksia viva,1021
clase,102164,Ranúculo vivo,1021
clase,102165,Escabiosa viva,1021
clase,102166,Retama de escobas viva,1021
clase,102167,Boca de dragón viva,1021
clase,102168,Romero del pantano viva,1021
clase,102169,Matiola viva,1021
clase,102170,Girasol viva,1021
clase,102171,Guisante de olor vivo,1021
clase,102172,Cardo vivo,1021
clase,102173,Tulipán vivo,1021
clase,102174,Flor de cera viva,1021
clase,102175,Hierba de aquiles viva,1021
clase,102176,Zinnia viva,1021
clase,102177,Forsythia viva,1021
clase,102178,Geranio vivo,1021
clase,102179,Amaryllis viva,1021
clase,102180,Rubdeckia viva,1021
clase,102181,Protea viva,1021
clase,102182,leucadendron vivo,1021
clase,102183,leucospermum vivo,1021
clase,102215,Agapanto vivo,1022
clase,102216,Alchimilla viva,1022
clase,102217,Astilbe vivo,1022
clase,102218,angélica viva,1022
clase,102219,ajenjo vivo,1022
clase,102220,Flor de alcachofa viva,1022
clase,102221,Astrantia viva,1022
clase,102222,Flor de banano viva,1022
clase,102223,Baptisia viva,1022
clase,102224,Boronia viva,1022
clase,102225,Bromelia viva,1022
clase,102226,Brunia viva,1022
clase,102227,Catalea viva,1022
clase,102228,Calcynia viva,1022
clase,102229,Caléndula viva,1022
clase,102230,Campanilla viva,1022
clase,102231,Cestrum vivo,1022
clase,102232,Chasmante viva,1022
clase,102233,Costus viva,1022
clase,102234,Vara de San José viva,1022
clase,102235,Lirio del Fuego vivo,1022
clase,102236,Flor del muelle viva,1022
clase,102237,Planta erizo viva,1022
clase,102238,Manzanilla viva,1022
clase,102239,Nomeolvides viva,1022
clase,102240,Gallardia viva,1022
clase,102241,Genciana viva,1022
clase,102242,Gladiolo vivo,1022
clase,102243,Gloriosa viva,1022
clase,102244,Violeta silvestre viva,1022
clase,102245,Eléboro vivo,1022
clase,102246,Ixia viva,1022
clase,102247,Liatrises vivas,1022
clase,102248,Lysimachia viva,1022
clase,102249,Maraca viva,1022
clase,102250,Caléndula viva,1022
clase,102251,Mimosa viva,1022
clase,102252,Nerina viva,1022
clase,102253,Flor de nogal viva,1022
clase,102254,Phlox viva,1022
clase,102255,physostegia viva,1022
clase,102256,Saponaria viva,1022
clase,102257,Sarracenias vivas,1022
clase,102258,Sicilia viva,1022
clase,102259,Sedum viva,1022
clase,102260,Especies individuales o variedades de flores vivas,1022
clase,102261,Sello de salomón (polygonato) viva,1022
clase,102262,Tanaceto vivo,1022
clase,102263,Traquelio vivo,1022
clase,102264,Tuberosas vivas,1022
clase,102265,Tweedias vivas,1022
clase,102266,Verónicas vivas,1022
clase,102267,Watsonias vivas,1022
clase,102315,Crisantemo vivo pompón,1023
clase,102316,Crisantemo vivo pompón margarita,1023
clase,102317,Crisantemo vivo espollado cremon,1023
clase,102318,Crisantemo vivo espollado football,1023
clase,102319,Crisantemo spider vivo,1023
clase,102320,Crisantemo vivo  novelty,1023
clase,102321,Crisantemo vivo santini,1023
clase,102415,Clavel vivo de floración sencilla,1024
clase,102416,Clavel vivo mini o spray,1024
clase,102515,Orquidea cypripedium  o pantuflas de dama viva,1025
clase,102516,Orquídea mocara viva,1025
clase,102517,Orquídea catleya viva,1025
clase,102518,Orquídea disa viva,1025
clase,102519,Orquídea arachnis viva,1025
clase,102520,Orquídea phalaenopsis viva,1025
clase,102521,Orquídea dendrobium viva,1025
clase,102522,Orquídea cymbidium viva,1025
clase,102523,Orquídea oncidium viva,1025
clase,102524,Orquídea vanda viva,1025
clase,103015,Rosas cortadas frescas azules o lavanda o púrpura,1030
clase,103016,Rosas cortadas frescas chocolate o marrón,1030
clase,103017,Rosas cortadas frescas crema,1030
clase,103018,Rosas cortadas frescas verdes o lima,1030
clase,103019,Rosas cortadas frescas rosado claro,1030
clase,103020,Rosas cortadas frescas multicolor rosados,1030
clase,103021,Rosas cortadas frescas anaranjados,1030
clase,103022,Rosas cortadas frescas durazno,1030
clase,103023,Rosas cortadas frescas rosados,1030
clase,103024,Rosas cortadas frescas rojos o burgundy,1030
clase,103025,Rosas cortadas frescas sweetheart,1030
clase,103026,Rosas cortadas frescas blancos,1030
clase,103027,Rosas cortadas frescas amarillos,1030
clase,103028,Rosas cortadas frescas spray,1030
clase,103115,Anturios cortados frescos,1031
clase,103116,Allium cortado fresco,1031
clase,103117,Astromelia cortada fresca,1031
clase,103118,Amaranto cortado fresco,1031
clase,103119,Amaryllis cortado fresco,1031
clase,103120,Anémona cortada fresca,1031
clase,103121,Asclepia cortada fresca,1031
clase,103122,Aster cortada fresca,1031
clase,103123,Berzelia cortada fresca,1031
clase,103124,Bouvaria cortada fresca,1031
clase,103125,Brodiaea cortada fresca,1031
clase,103126,Calla cortada fresca,1031
clase,103128,Celosia cortada fresca,1031
clase,103129,Narciso cortado fresco,1031
clase,103130,Dalia cortada fresca,1031
clase,103131,Delphinium cortado fresco,1031
clase,103132,Clavel (dianthus) cortado fresco,1031
clase,103133,Eremruses cortadas frescas,1031
clase,103134,Brezo (erica) cortada fresca,1031
clase,103135,Euphorbia cortada fresca,1031
clase,103136,Fresia cortada fresca,1031
clase,103137,Ajedrezada cortada fresca,1031
clase,103138,Hiniesta cortada fresca,1031
clase,103139,Margarita cortada fresca,1031
clase,103140,Jengibre cortado fresco,1031
clase,103141,Gladiolo cortado fresco,1031
clase,103142,Godetia cortada fresca,1031
clase,103143,Bromelia cortada fresca,1031
clase,103144,Gypsophilia cortada fresca,1031
clase,103145,Brezo cortado fresco,1031
clase,103146,Heliconia cortada fresca,1031
clase,103147,Jacinto cortado fresco,1031
clase,103148,Hydrangea cortada fresca,1031
clase,103149,Iris cortada fresca,1031
clase,103150,Pata de canguro cortada fresca,1031
clase,103151,Delfinio cortado fresco,1031
clase,103152,Lepto cortado fresco,1031
clase,103153,Lila cortada fresca,1031
clase,103154,Azucena cortada fresca,1031
clase,103155,Lavanda cortada fresca,1031
clase,103156,Lisianthus cortado fresco,1031
clase,103157,Muscari cortada fresca,1031
clase,103158,Narciso cortado fresco,1031
clase,103160,Pimientos ornamentales cortados frescos,1031
clase,103161,Estrella de Belén cortada fresca,1031
clase,103162,Peonia cortada fresca,1031
clase,103163,Banksia cortada fresca,1031
clase,103164,Ranúculo cortado fresco,1031
clase,103165,Escabiosa cortada fresca,1031
clase,103166,Retama de escobas cortada fresca,1031
clase,103167,Boca de dragón cortada fresca,1031
clase,103168,Romero del pantano cortada fresca,1031
clase,103169,Matiola cortada fresca,1031
clase,103170,Girasol cortada fresca,1031
clase,103171,Guisante de olor cortado fresco,1031
clase,103172,Cardo cortado fresco,1031
clase,103173,Tulipán cortado fresco,1031
clase,103174,Flor de cera cortada fresca,1031
clase,103175,Hierba de aquiles cortada fresca,1031
clase,103176,Zinia cortada fresca,1031
clase,103177,Forsythia cortada fresca,1031
clase,103178,Geranio cortado fresco,1031
clase,103179,Amaryllis cortada fresca,1031
clase,103180,Rubdeckia cortada fresca,1031
clase,103181,Protea cortada fresca,1031
clase,103182,leucadendron cortado fresco,1031
clase,103183,leucospermum cortado fresco,1031
clase,103215,Agapanto cortado fresco,1032
clase,103216,Alchimilla cortada fresca,1032
clase,103217,Astilbe cortado fresco,1032
clase,103218,angélica cortada fresca,1032
clase,103219,ajenjo cortado fresco,1032
clase,103220,Flor de alcachofa cortada fresca,1032
clase,103221,Astrantia cortada fresca,1032
clase,103222,Flor de banano cortada fresca,1032
clase,103223,Baptisia cortada fresca,1032
clase,103224,Boronia cortada fresca,1032
clase,103225,Bromelia cortada fresca,1032
clase,103226,Brunia cortada fresca,1032
clase,103227,Catalea cortada fresca,1032
clase,103228,Calcynia cortada fresca,1032
clase,103229,Caléndula cortada fresca,1032
clase,103230,Campanilla cortada fresca,1032
clase,103231,Cestrum cortado fresco,1032
clase,103232,Chasmante cortada fresca,1032
clase,103233,Costus cortada fresca,1032
clase,103234,Vara de San José cortada fresca,1032
clase,103235,Lirio del Fuego cortado fresco,1032
clase,103236,Flor del muelle cortada fresca,1032
clase,103237,Planta erizo cortada fresca,1032
clase,103238,Manzanilla cortada fresca,1032
clase,103239,Nomeolvides cortada fresca,1032
clase,103240,Gallardia cortada fresca,1032
clase,103241,Genciana cortada fresca,1032
clase,103242,Gladiolo cortado fresco,1032
clase,103243,Gloriosa cortada fresca,1032
clase,103244,Violeta silvestre cortada fresca,1032
clase,103245,Eléboro cortado fresco,1032
clase,103246,Ixia cortada fresca,1032
clase,103247,Liatrises cortadas frescas,1032
clase,103248,Lysimachia cortada fresca,1032
clase,103249,Maraca cortada fresca,1032
clase,103250,Caléndula cortada fresca,1032
clase,103251,Mimosa cortada fresca,1032
clase,103252,Nerina cortada fresca,1032
clase,103253,Flor de nogal cortada fresca,1032
clase,103254,Phlox cortada fresca,1032
clase,103255,physostegia cortada fresca,1032
clase,103256,Saponaria cortada fresca,1032
clase,103257,Sarracenias cortadas frescas,1032
clase,103258,Sicilia cortada fresca,1032
clase,103259,Sedum cortada fresca,1032
clase,103260,Especies individuales o variedades de flores cortadas frescas,1032
clase,103261,Sello de salomón (polygonato) cortada fresca,1032
clase,103262,Tanaceto cortado fresco,1032
clase,103263,Traquelio cortado fresco,1032
clase,103264,Tuberosas cortadas frescas,1032
clase,103265,Tweedias cortadas frescas,1032
clase,103266,Verónicas cortadas frescas,1032
clase,103267,Watsonias cortadas frescas,1032
clase,103315,Crisantemo cortado fresco pompón,1033
clase,103316,Crisantemo cortado fresco pompón margarita,1033
clase,103317,Crisantemo cortado fresco espollado cremon,1033
clase,103318,Crisantemo cortado fresco espollado football,1033
clase,103319,Crisantemo spider cortado fresco,1033
clase,103320,Crisantemo cortado fresco  novelty,1033
clase,103321,Crisantemo cortado fresco santini,1033
clase,103415,Bouquet cortado fresco de rosa,1034
clase,103416,Bouquet cortado fresco de clavel,1034
clase,103417,Bouquet cortado fresco de mini clavel,1034
clase,103418,Bouquet cortado fresco de lirio,1034
clase,103419,Bouquet cortado fresco de crisantemo pompón,1034
clase,103420,Bouquet cortado fresco de astromelia,1034
clase,103421,Bouquet cortado fresco de flores tropicales,1034
clase,103422,Bouquet cortado fresco floral mixto,1034
clase,103515,Bouquet cortado fresco de clavel de floración sencilla,1035
clase,103516,Bouquet cortado fresco de clavel min o spray,1035
clase,103615,Orquidea cypripedium  o pantuflas de dama cortada fresca,1036
clase,103616,Orquídea mocara cortada fresca,1036
clase,103617,Orquídea catleya cortada fresca,1036
clase,103618,Orquídea disa cortada fresca,1036
clase,103619,Orquídea arachnis cortada fresca,1036
clase,103620,Orquídea phalaenopsis cortada fresca,1036
clase,103621,Orquídea dendrobium cortada fresca,1036
clase,103622,Orquídea cymbidium cortada fresca,1036
clase,103623,Orquídea oncidium cortada fresca,1036
clase,103624,Orquídea vanda cortada fresca,1036
clase,104015,Rosas cortadas secas azules o lavanda o púrpura,1040
clase,104016,Rosas cortadas secas chocolate o marrón,1040
clase,104017,Rosas cortadas secas crema,1040
clase,104018,Rosas cortadas secas verdes o lima,1040
clase,104019,Rosas cortadas secas rosado claro,1040
clase,104020,Rosas cortadas secas multicolor rosados,1040
clase,104021,Rosas cortadas secas anaranjados,1040
clase,104022,Rosas cortadas secas durazno,1040
clase,104023,Rosas cortadas secas rosados,1040
clase,104024,Rosas cortadas secas rojos o burgundy,1040
clase,104025,Rosas cortadas secas sweetheart,1040
clase,104026,Rosas cortadas secas blancos,1040
clase,104027,Rosas cortadas secas amarillos,1040
clase,104028,Rosas cortadas secas spray,1040
clase,104115,Anturios cortado secos,1041
clase,104116,Allium cortado seco,1041
clase,104117,Astromelia cortada seca,1041
clase,104118,Amaranto cortado seco,1041
clase,104119,Amaryllis cortado seco,1041
clase,104120,Anémona cortada seca,1041
clase,104121,Asclepia cortada seca,1041
clase,104122,Aster cortada seca,1041
clase,104123,Berzelia cortada seca,1041
clase,104124,Bouvaria cortada seca,1041
clase,104125,Brodiaea cortada seca,1041
clase,104126,Calla cortada seca,1041
clase,104128,Celosia cortada seca,1041
clase,104129,Narciso cortado seco,1041
clase,104130,Dalia cortada seca,1041
clase,104131,Delphinium cortado seco,1041
clase,104132,Clavel (dianthus) cortado seco,1041
clase,104133,Eremruses cortadas secas,1041
clase,104134,Brezo (erica) cortada seca,1041
clase,104135,Euphorbia cortada seca,1041
clase,104136,Fresia cortada seca,1041
clase,104137,Ajedrezada cortada seca,1041
clase,104138,Hiniesta cortada seca,1041
clase,104139,Margarita cortada seca,1041
clase,104140,Jengibre cortado seco,1041
clase,104141,Gladiolo cortado seco,1041
clase,104142,Godetia cortada seca,1041
clase,104143,Bromelia cortada seca,1041
clase,104144,Gypsophilia cortada seca,1041
clase,104145,Brezo cortado seco,1041
clase,104146,Heliconia cortada seca,1041
clase,104147,Jacinto cortado seco,1041
clase,104148,Hydrangea cortada seca,1041
clase,104149,Iris cortada seca,1041
clase,104150,Pata de canguro cortada seca,1041
clase,104151,Delfinio cortado seco,1041
clase,104152,Lepto cortado seco,1041
clase,104153,Lila cortada seca,1041
clase,104154,Azucena cortada seca,1041
clase,104155,Lavanda cortada seca,1041
clase,104156,Lisianthus cortado seco,1041
clase,104157,Muscari cortada seca,1041
clase,104158,Narciso cortado seco,1041
clase,104160,Pimientos ornamentales cortado secos,1041
clase,104161,Estrella de Belén cortada seca,1041
clase,104162,Peonia cortada seca,1041
clase,104163,Banksia cortada seca,1041
clase,104164,Ranúculo cortado seco,1041
clase,104165,Escabiosa cortada seca,1041
clase,104166,Retama de escobas cortada seca,1041
clase,104167,Boca de dragón cortada seca,1041
clase,104168,Romero del pantano cortada seca,1041
clase,104169,Matiola cortada seca,1041
clase,104170,Girasol cortada seca,1041
clase,104171,Guisante de olor cortado seco,1041
clase,104172,Cardo cortado seco,1041
clase,104173,Tulipán cortado seco,1041
clase,104174,Flor de cera cortada seca,1041
clase,104175,Hierba de aquiles cortada seca,1041
clase,104176,Zinia cortada seca,1041
clase,104177,Forsythia cortada seca,1041
clase,104178,Geranio cortado seco,1041
clase,104179,Amaryllis cortada seca,1041
clase,104180,Rubdeckia cortada seca,1041
clase,104181,Protea cortada seca,1041
clase,104182,leucadendron cortado seco,1041
clase,104183,leucospermum cortado seco,1041
clase,104215,Agapanto cortado seco,1042
clase,104216,Alchimilla cortada seca,1042
clase,104217,Astilbe cortado seco,1042
clase,104218,angélica cortada seca,1042
clase,104219,ajenjo cortado seco,1042
clase,104220,Flor de alcachofa cortada seca,1042
clase,104221,Astrantia cortada seca,1042
clase,104222,Flor de banano cortada seca,1042
clase,104223,Baptisia cortada seca,1042
clase,104224,Boronia cortada seca,1042
clase,104225,Bromelia cortada seca,1042
clase,104226,Brunia cortada seca,1042
clase,104227,Catalea cortada seca,1042
clase,104228,Calcynia cortada seca,1042
clase,104229,Caléndula cortada seca,1042
clase,104230,Campanilla cortada seca,1042
clase,104231,Cestrum cortado seco,1042
clase,104232,Chasmante cortada seca,1042
clase,104233,Costus cortada seca,1042
clase,104234,Vara de San José cortada seca,1042
clase,104235,Lirio del Fuego cortado seco,1042
clase,104236,Flor del muelle cortada seca,1042
clase,104237,Planta erizo cortada seca,1042
clase,104238,Manzanilla cortada seca,1042
clase,104239,Nomeolvides cortada seca,1042
clase,104240,Gallardia cortada seca,1042
clase,104241,Genciana cortada seca,1042
clase,104242,Gladiolo cortado seco,1042
clase,104243,Gloriosa cortada seca,1042
clase,104244,Violeta silvestre cortada seca,1042
clase,104245,Eléboro cortado seco,1042
clase,104246,Ixia cortada seca,1042
clase,104247,Liatrises cortadas secas,1042
clase,104248,Lysimachia cortada seca,1042
clase,104249,Maraca cortada seca,1042
clase,104250,Caléndula cortada seca,1042
clase,104251,Mimosa cortada seca,1042
clase,104252,Nerina cortada seca,1042
clase,104253,Flor de nogal cortada seca,1042
clase,104254,Phlox cortada seca,1042
clase,104255,physostegia cortada seca,1042
clase,104256,Saponaria cortada seca,1042
clase,104257,Sarracenias cortadas secas,1042
clase,104258,Sicilia cortada seca,1042
clase,104259,Sedum cortada seca,1042
clase,104260,Especies individuales o variedades de flores cortadas secas,1042
clase,104261,Sello de salomón (polygonato) cortada seca,1042
clase,104262,Tanaceto cortado seco,1042
clase,104263,Traquelio cortado seco,1042
clase,104264,Tuberosas cortadas secas,1042
clase,104265,Tweedias cortadas secas,1042
clase,104266,Verónicas cortadas secas,1042
clase,104267,Watsonias cortadas secas,1042
clase,104315,Crisantemo cortado seco pompón,1043
clase,104316,Crisantemo cortado seco pompón margarita,1043
clase,104317,Crisantemo cortado seco espollado cremon,1043
clase,104318,Crisantemo cortado seco espollado football,1043
clase,104319,Crisantemo spider cortado seco,1043
clase,104320,Crisantemo cortado seco  novelty,1043
clase,104321,Crisantemo cortado seco santini,1043
clase,104415,Clavel cortado seco de floración sencilla,1044
clase,104416,Clavel cortado seco mini o spray,1044
clase,104515,Orquidea cypripedium  o pantuflas de dama cortada seca,1045
clase,104516,Orquídea mocara cortada seca,1045
clase,104517,Orquídea catleya cortada seca,1045
clase,104518,Orquídea disa cortada seca,1045
clase,104519,Orquídea arachnis cortada seca,1045
clase,104520,Orquídea phalaenopsis cortada seca,1045
clase,104521,Orquídea dendrobium cortada seca,1045
clase,104522,Orquídea cymbidium cortada seca,1045
clase,104523,Orquídea oncidium cortada seca,1045
clase,104524,Orquídea vanda cortada seca,1045
clase,105015,Aspidistras cortadas frescas,1050
clase,105016,Chili verde cortado fresco,1050
clase,105017,Haya cortada fresca,1050
clase,105018,Hojas de eucalipto cortadas prescas,1050
clase,105019,Helechos cortados frescos,1050
clase,105020,Hojas o follajes cortados frescos,1050
clase,105021,Pastos costados frescos,1050
clase,105022,mora huckleberry fresca cortada,1050
clase,105023,Hiedra cortada fresca,1050
clase,105024,Integrifolia cortada fresca,1050
clase,105025,Mirto cortado fresco,1050
clase,105026,Hojas frescas cortadas de roble,1050
clase,105027,Oregonia fresca cortada,1050
clase,105028,pittosporum fresco cortado,1050
clase,105029,Hojas frescas cortadas de especies sencillas,1050
clase,111015,Minerales,1110
clase,111016,Minerales metálicos,1110
clase,111017,Metales de Base,1110
clase,111018,Metales preciosos,1110
clase,111019,"Productos minerales intermedios, procesados y refinados",1110
clase,111115,Barro y Tierra,1111
clase,111116,Piedra,1111
clase,111117,Arena,1111
clase,111118,Arcillas,1111
clase,111215,Savia,1112
clase,111216,Madera,1112
clase,111217,Productos secundarios de la explotación forestal,1112
clase,111218,Fibras de plantas,1112
clase,111219,Productos de perfumería,1112
clase,111220,Productos de madera diseñados,1112
clase,111315,"Cuero, pieles o materiales textiles de animales",1113
clase,111316,Otros productos de animales,1113
clase,111416,Desechos no metálicos y chatarra,1114
clase,111417,Desperdicios o restos de alimentos y tabaco,1114
clase,111515,Fibras,1115
clase,111516,Hebras,1115
clase,111517,Hilos,1115
clase,111615,Tejidos de seda,1116
clase,111616,Tejidos de lana,1116
clase,111617,Tejidos de algodón,1116
clase,111618,Tejidos sintéticos,1116
clase,111620,Tejidos de materiales vegetales no de algodón,1116
clase,111621,Tejidos o telas especiales,1116
clase,111622,Telas no tejidas,1116
clase,111623,Cueros,1116
clase,111624,Guata,1116
clase,111715,Aceros básicos,1117
clase,111716,Aleaciones de acero inoxidable,1117
clase,111717,Aceros rápidos,1117
clase,111718,Superaleaciones de níquel,1117
clase,111719,Superaleaciones de titanio,1117
clase,111720,Aleaciones de aluminio,1117
clase,111721,Superaleaciones de cobalto,1117
clase,111722,Aleaciones con base de magnesio,1117
clase,111723,Aleaciones con base de manganeso,1117
clase,111815,Óxidos metálicos no férreos,1118
clase,111915,Cuerpos sólidos de metal,1119
clase,111916,Chatarra,1119
clase,111917,Virutas,1119
clase,111918,Subproductos del metal,1119
clase,121315,Explosivos,1213
clase,121316,Pirotecnia,1213
clase,121317,Encendedores,1213
clase,121318,Propulsores,1213
clase,121415,Metales de tierra,1214
clase,121416,Metales de tierra rara,1214
clase,121417,Metales de transición,1214
clase,121418,Metales álcalis,1214
clase,121419,No-metales y gases elementales y puros,1214
clase,121420,Gases nobles,1214
clase,121421,Gases naturales y gases mixtos,1214
clase,121422,Isótopos,1214
clase,121615,Indicadores y reactivos,1216
clase,121616,Catalizadores,1216
clase,121617,Amortiguadores,1216
clase,121618,Coloides,1216
clase,121619,Surfactantes,1216
clase,121620,Plastificantes,1216
clase,121621,Retardadores de llama,1216
clase,121622,Anti-oxidantes,1216
clase,121623,Agentes de curación,1216
clase,121624,Rompedores de polímero,1216
clase,121625,Rompedores de emulsión,1216
clase,121626,Estabilizadores de arcilla,1216
clase,121627,Aditivos de pérdida de fluido,1216
clase,121628,Reductores de fricción,1216
clase,121629,Agentes de control de parafina asfaltenos,1216
clase,121630,Mezclas para quitar barro,1216
clase,121631,Anti lodo (sludger),1216
clase,121632,Agentes de migración anti gas,1216
clase,121633,Agentes de expansión,1216
clase,121634,Extensores,1216
clase,121635,Sellador de pozo petrolífero,1216
clase,121636,Inhibidores de corrosión,1216
clase,121637,Reguladores de hidrato de gas,1216
clase,121638,Limpiadores químicos,1216
clase,121639,Reguladores de sarro,1216
clase,121640,Bactericidas,1216
clase,121641,In situ,1216
clase,121642,Retardadores,1216
clase,121643,Controladores de hierro,1216
clase,121644,No emulsificadoras,1216
clase,121645,Aditivos de alimentos y fármacos,1216
clase,121646,"Modificadores de papel, plástico y tela",1216
clase,121647,Antisépticos industriales,1216
clase,121648,Agentes reductores de agua,1216
clase,121649,Agentes de impermeabilización,1216
clase,121650,Agentes anti encogimiento,1216
clase,121651,Químicos para mejorar la recuperación de petróleo,1216
clase,121715,Tintes,1217
clase,121716,Pigmentos,1217
clase,121717,Compuestos de colores y dispersiones,1217
clase,121815,Ceras,1218
clase,121816,Aceites,1218
clase,121915,Solventes hidrocarbonatos,1219
clase,121916,Solventes oxigenados,1219
clase,123520,Compuestos aromáticos y alifáticos,1235
clase,123521,Derivados orgánicos y compuestos sustituidos,1235
clase,123522,Productos bioquímicos,1235
clase,123523,Compuestos inorgánicos,1235
clase,123524,Mezclas,1235
clase,123525,Fijadores,1235
clase,131015,Caucho natural,1310
clase,131016,Caucho procesado y sintético,1310
clase,131017,Elastómeros,1310
clase,131019,Plásticos termoformados,1310
clase,131020,Plásticos termoplásticos,1310
clase,131110,Resinas,1311
clase,131111,Colofonia,1311
clase,131112,Películas,1311
clase,131113,Espumas,1311
clase,141015,Materias primas,1410
clase,141115,Papel de imprenta y papel de escribir,1411
clase,141116,Papel fantasía,1411
clase,141117,Productos de papel para uso personal,1411
clase,141118,Papeles de uso comercial,1411
clase,141215,Cartón y papel para embalaje,1412
clase,141216,Papel de seda,1412
clase,141217,Papeles laminados,1412
clase,141218,Papeles recubiertos,1412
clase,141219,Papel prensa y de offset,1412
clase,141221,Papeles de base sin recubrir,1412
clase,141222,Papeles especializados de uso industrial,1412
clase,151015,Petróleo y Destilados,1510
clase,151016,Combustibles sólidos o gelificados,1510
clase,151017,Gasoil,1510
clase,151018,Combustibles o bio - combustibles líquidos basados en plantas,1510
clase,151115,Combustibles gaseosos,1511
clase,151117,Aditivos para carburante,1511
clase,151215,Preparados lubricantes,1512
clase,151218,Anticorrosivos,1512
clase,151219,Grasas,1512
clase,151315,Combustible nuclear,1513
clase,151316,Instalación de combustible de fisión,1513
clase,201015,Equipo de corte,2010
clase,201016,Cribas y equipos de alimentación,2010
clase,201017,"Trituradoras, quebrantadoras y amoladores",2010
clase,201018,Sistemas mecanizados de soporte en tierra,2010
clase,201019,Sistemas secundarios de ruptura de roca,2010
clase,201020,Sistemas de exploración y desarrollo,2010
clase,201021,Barrenas de rocas,2010
clase,201022,Maquinaria de cargue de explosivos,2010
clase,201023,Vehículos de servicio de minería subterránea,2010
clase,201115,Equipo de exploración y perforación,2011
clase,201116,Maquinaria de perforación y explotación,2011
clase,201117,Accesorios de perforación y explotación,2011
clase,201210,Equipo acidificante,2012
clase,201211,Equipo para cementar,2012
clase,201212,Equipo de fracturar,2012
clase,201213,Equipo de control de arena,2012
clase,201214,Herramientas y equipo de terminación,2012
clase,201215,Herramientas convencionales de perforación,2012
clase,201216,Brocas de barrena,2012
clase,201217,Herramientas de pesca,2012
clase,201218,Equipo de perforación direccional,2012
clase,201219,Equipo de medir y registro del pozo,2012
clase,201220,Equipo de prueba y Accesorios,2012
clase,201221,Equipo de Perforación,2012
clase,201222,Equipo de prueba del pozo,2012
clase,201223,Equipo de Slickline - Cable de Recuperación,2012
clase,201224,Equipo de sistemas de producción,2012
clase,201225,Equipo para tubería flexible,2012
clase,201226,Equipo sísmico,2012
clase,201227,Mercancía tubular para campo petrolero,2012
clase,201228,Equipo y plataformas de reacondicionamiento y perforación,2012
clase,201229,Equipo de registrar datos de superficie,2012
clase,201230,Equipo multilateral,2012
clase,201231,Herramienta para salida de revestimientos,2012
clase,201232,Equipo de expansión en profundidad,2012
clase,201233,Herramientas para revestimientos mientras se perfora,2012
clase,201310,Lodo de perforar y materiales,2013
clase,201311,Apuntalantes de fracturamiento de pozo,2013
clase,201312,Fluidos de completar,2013
clase,201313,Cemento de pozo petrolero,2013
clase,201410,Equipo de cabeza de pozo,2014
clase,201411,Sistemas de inyección químicos,2014
clase,201412,Equipo de desarenar,2014
clase,201413,Anclas y bombas de chorro de barrenas hacia abajo,2014
clase,201414,Accesorios de producción de barrenas hacia abajo,2014
clase,201415,Bombas de barrenas hacia abajo,2014
clase,201416,Bombas de exportación,2014
clase,201417,Plataformas de almacenaje y producción a poca distancia de la costa,2014
clase,201418,Contadores para medir el flujo de producción del pozo,2014
clase,201419,Equipo de tratamiento de gas,2014
clase,201420,Regeneradores de glicol,2014
clase,201421,Tratadores de calentadores,2014
clase,201422,Calentadores de línea,2014
clase,201423,Deslizaderos de inyección de producción,2014
clase,201424,Equipo para el lecho del océano,2014
clase,201425,Equipo para tratar agua producida,2014
clase,201426,Instrumentación del sistema de control de producción,2014
clase,201427,Unidades de bombear,2014
clase,201428,Separadores de producción,2014
clase,201429,Tanques y recipientes almacenadores,2014
clase,201430,Vástagos de succión,2014
clase,201433,Equipo para servicio de oleoductos,2014
clase,211015,Maquinaria agrícola para preparación del suelo,2110
clase,211016,Maquinaria agrícola para siembra y plantado,2110
clase,211017,Maquinaria agrícola para cosechar,2110
clase,211018,Aparatos dispersores o aspersores para agricultura,2110
clase,211019,Equipo para aves de corral y ganado,2110
clase,211020,"Maquinaria agrícola para limpieza, selección o clasificación",2110
clase,211021,Maquinaria y equipo para transformación agrícola,2110
clase,211022,Maquinaria y equipo para silvicultura,2110
clase,211023,Equipo para invernadero,2110
clase,211024,Equipo para insectos,2110
clase,211115,Equipo de pesca comercial,2111
clase,211116,Equipo para acuicultura,2111
clase,221015,Maquinaria para trabajo de desmonte,2210
clase,221016,Equipo de pavimentación,2210
clase,221017,Componentes de equipo pesado,2210
clase,221018,Grúas de elevación,2210
clase,221019,Maquinaria y accesorios de construcción de edificios,2210
clase,221020,Equipo y maquinaria de demolición de edificios,2210
clase,231015,"Maquinaria para trabajar madera, piedra, cerámica y similares",2310
clase,231115,Maquinaria y equipo para destilado y transformación de petróleo,2311
clase,231116,Maquinaria de hidrotratamiento,2311
clase,231215,Maquinaria y accesorios para transformados textiles,2312
clase,231216,"Maquinaria, equipo y accesorios para trabajo textil",2312
clase,231315,"Equipo y suministros de trituración, lijado y pulido",2313
clase,231316,Equipo y accesorios de facetaje,2313
clase,231317,Equipo del cabbing,2313
clase,231416,Maquinaria y accesorios para el preparado del cuero,2314
clase,231417,Maquinaria y accesorios para trabajar y reparar cuero,2314
clase,231515,"Maquinaria, equipo y suministros para la elaboración de caucho y plástico",2315
clase,231516,"Maquinaria, equipo y suministros para la industria del cemento, cerámica y vidrio",2315
clase,231517,"Maquinaria, equipo y suministros de la industria óptica",2315
clase,231518,"Maquinaria, equipo y suministros de la industria farmacéutica",2315
clase,231519,"Maquinaria, equipo y suministros para la elaboración y el procesamiento de papel",2315
clase,231520,Manejo del Web y maquinaria de control y equipo y suministros,2315
clase,231521,Maquinaria y equipo de separación,2315
clase,231522,Mesa y estantes para fabricación,2315
clase,231529,Maquinaria empacadora,2315
clase,231530,"Dispositivos y sistemas de guía, posicionamiento y sujeción",2315
clase,231531,Componentes y accesorios de maquinaria industrial,2315
clase,231532,Robótica,2315
clase,231534,Ensambladoras,2315
clase,231535,Sistemas de pintura,2315
clase,231536,Máquinas para el marcado de partes,2315
clase,231537,Equipo de aseguramiento o torque de precisión,2315
clase,231538,Sistemas de revestimiento,2315
clase,231615,Máquinas y equipo de fundición,2316
clase,231616,Suministros de fundición,2316
clase,231617,Troqueles y herramientas de fundición,2316
clase,231815,Maquinaria para la elaboración de alimentos,2318
clase,231816,Maquinaria para corte de alimentos,2318
clase,231817,Maquinaria para cocinar o ahumar alimentos,2318
clase,231818,Maquinaria industrial para elaboración de bebidas,2318
clase,231910,Mezcladores por tandas,2319
clase,231911,Mezcladores continuos,2319
clase,231912,Piezas de mezcladora y accesorios,2319
clase,232010,Sistemas de contacto líquido gas,2320
clase,232011,Absorción e intercambio de iones,2320
clase,232012,Equipo de secado industrial,2320
clase,232110,Maquinaria de ensamblaje electrónico y equipo de soporte,2321
clase,232111,Maquinaria de procesamiento y fabricación electrónica,2321
clase,232210,Equipo y maquinaria del departamento de recepción,2322
clase,232211,Equipo y maquinaria del departamento de matanza y desplumamiento,2322
clase,232212,Equipo y maquinaria del departamento de eviscerado,2322
clase,232310,Descortezadoras y accesorios,2323
clase,232311,Sierras de cinta y accesorios,2323
clase,232312,Sierras circulares y accesorios,2323
clase,232313,Canteadoras,2323
clase,232314,Sierras de recorte y accesorios,2323
clase,232315,Clasificadoras de maderos y accesorios,2323
clase,232316,Apiladoras de maderos y accesorios,2323
clase,232317,Secaderos de madera y equipo y accesorios,2323
clase,232318,Troceadoras de madera y accesorios,2323
clase,232319,Cepilladoras y accesorios,2323
clase,232320,Terminadoras de madera y accesorios,2323
clase,232321,Sierras retestadoras y accesorios,2323
clase,232322,Empalmadoras por entalladura múltiple y accesorios,2323
clase,232414,Máquinas rectificadoras de metales,2324
clase,232415,Máquinas cortadoras de metales,2324
clase,232416,Herramientas cortadoras de metales,2324
clase,232417,Máquinas rebabadoras de metales,2324
clase,232418,Máquinas taladradoras de metales,2324
clase,232419,Máquinas perforadoras de metales,2324
clase,232421,Accesorios para máquinas de cortar metales,2324
clase,232422,Máquinas para fabricación de engranajes,2324
clase,232423,Tornos y centros de torneado,2324
clase,232424,Centros de maquinado,2324
clase,232425,Máquinas para el fresado de metales,2324
clase,232426,Maquinas para el cortado de metales especializados o diversos,2324
clase,232427,Maquinaria para molinos de tubos,2324
clase,232515,Maquinaria para tubulares doblados,2325
clase,232516,Máquinas para enrollado de metales,2325
clase,232517,Máquinas de forjado,2325
clase,232518,Troqueles y herramientas para el formado de metales,2325
clase,232519,Maquinaria y equipo para la fabricación de contenedores de metal,2325
clase,232615,Máquinas para prototipos rápidos,2326
clase,232714,Máquinas soldadoras,2327
clase,232715,Maquinaria de soldadura fuerte,2327
clase,232716,Maquinaria de soldadura débil,2327
clase,232717,"Accesorios para soldar, soldadura fuerte y soldadura débil",2327
clase,232718,"Suministros para soldar, soldadura fuerte y soldadura débil",2327
clase,232815,Máquinas para recubrir o platear,2328
clase,232816,Máquinas para tratamiento de calor,2328
clase,232817,Máquinas para tratamiento mecánico de superficie,2328
clase,232818,Accesorios y herramientas para el tratamiento de metal,2328
clase,232819,Maquinaria y suministros para la limpieza del metal,2328
clase,232915,Herramientas de perforación industrial,2329
clase,232916,Herramientas de molienda industrial,2329
clase,232917,Herramientas de escariado industrial,2329
clase,232918,Herramientas de roscado industrial,2329
clase,232919,Herramientas de barrenado industrial,2329
clase,233015,"Maquinaria, equipos y accesorios para el trabajo de alambre",2330
clase,241015,Camiones industriales,2410
clase,241016,Equipo de izaje y accesorios,2410
clase,241017,Transportadores y accesorios,2410
clase,241018,Equipo para muelles,2410
clase,241019,Equipo para manejo de canecas,2410
clase,241020,Disposición en estantes y almacenamiento,2410
clase,241021,Equipo y suministros para almacenaje,2410
clase,241022,Herramientas para envasado,2410
clase,241023,Vehículos guiados automáticos AGV,2410
clase,241115,Bolsas,2411
clase,241118,Tanques y cilindros y sus accesorios,2411
clase,241120,Arcones y cestas,2411
clase,241121,"Toneles, cubas y bidones",2411
clase,241122,Latas y cubos,2411
clase,241124,"Cofres, armarios y baúles de almacenaje",2411
clase,241125,Cartón ondulado y otros materiales para distribución,2411
clase,241126,contenedores para líquidos,2411
clase,241127,Estibas,2411
clase,241128,Contenedores de carga,2411
clase,241129,Embalajes,2411
clase,241130,Lámina termo - retráctil,2411
clase,241215,"Cajas, bolsas y sacos para empaquetado",2412
clase,241218,Latas para envasado,2412
clase,241220,Botellas,2412
clase,241315,Refrigeradores industriales,2413
clase,241316,Congeladores industriales,2413
clase,241319,Máquinas de hacer el hielo,2413
clase,241415,Suministros para seguridad y protección,2414
clase,241416,Suministros de acolchados,2414
clase,241417,Tubos y núcleos de embalaje y etiquetas y accesorios,2414
clase,251015,Vehículos de pasajeros,2510
clase,251016,Vehículos de transporte de productos y materiales,2510
clase,251017,Vehículos de protección y salvamento,2510
clase,251018,Bicicletas de motor,2510
clase,251019,Vehículos especializados o de recreo,2510
clase,251020,Vehículos de guerra,2510
clase,251021,Camiones tractores,2510
clase,251115,Embarcaciones marítimas comerciales,2511
clase,251116,Embarcaciones de seguridad y salvamento,2511
clase,251117,Embarcaciones militares,2511
clase,251118,Embarcaciones de recreo,2511
clase,251119,Sistemas y premontajes de embarcaciones marítimas,2511
clase,251215,Locomotoras y vagonetas eléctricas,2512
clase,251216,Vagones de ferrocarril y tranvía,2512
clase,251217,Equipo y sistemas de apoyo ferroviario,2512
clase,251315,Aeronave de alas fijas motorizada,2513
clase,251316,Aeronave de alas giratorias civil y comercial,2513
clase,251317,Aeronave de ala fija militar,2513
clase,251318,Avión especial,2513
clase,251319,Avión militar de ala giratoria,2513
clase,251320,Avión de recreo,2513
clase,251515,Naves espaciales,2515
clase,251517,Satélites,2515
clase,251615,Vehículos a pedal,2516
clase,251715,Limpiaparabrisas,2517
clase,251716,Sistemas de descarchado y antiniebla,2517
clase,251717,Sistemas de frenado y componentes,2517
clase,251719,Ruedas y acabados,2517
clase,251720,Componentes de sistema de suspensión,2517
clase,251721,Componentes y sistemas de seguridad de vehículo,2517
clase,251722,Puertas para vehículos,2517
clase,251723,Ventanas y parabrisas para vehículos,2517
clase,251724,Depósitos y sistemas de combustible,2517
clase,251725,Neumáticos y cámaras de neumáticos,2517
clase,251726,Acabados y revestimientos exterior para vehículos,2517
clase,251727,Sistemas de control medioambiental,2517
clase,251728,Sistemas y componentes hidráulicos,2517
clase,251729,Iluminación exterior para vehículos,2517
clase,251730,Iluminación interior para vehículos,2517
clase,251731,Sistemas y componentes de localización y navegación,2517
clase,251733,Sistemas de control principal,2517
clase,251737,Controles de emisión y de escape,2517
clase,251738,Sistemas de tren de transmisión,2517
clase,251739,Componentes eléctricos,2517
clase,251740,Sistema de refrigerar de motor,2517
clase,251741,Sistemas de tejado,2517
clase,251742,Sistema de dirección,2517
clase,251744,Sistemas del interior de vehículos,2517
clase,251746,Sistemas de asientos del vehículo,2517
clase,251747,Componentes de ciclo no motorizado o accesorios,2517
clase,251748,Componentes y sistemas de vehículos especializados,2517
clase,251749,Aisladores y amortiguadores de vibración de vehículos,2517
clase,251750,Sistemas de cargado eléctrico de vehículos,2517
clase,251816,Chasis automotriz,2518
clase,251817,Remolques para productos y materiales,2518
clase,251915,Sistemas y equipo de apoyo para transporte aéreo,2519
clase,251916,Sistemas y equipo de apoyo para transporte espacial,2519
clase,251917,Equipo para el mantenimiento de vehículo,2519
clase,251918,Equipo de medición y prueba de vehículos,2519
clase,252015,Fuselaje y componentes de avión,2520
clase,252016,Sistemas de situación y navegación aeroespacial y componentes,2520
clase,252017,Sistemas relacionados con las comunicaciones de vuelo,2520
clase,252018,Sistemas de control principal del avión,2520
clase,252019,Sistemas de urgencia del avión,2520
clase,252020,Sistemas de energía de avión,2520
clase,252021,Instrumentación de vuelo,2520
clase,252022,Sistemas del aterrizaje y de frenos del avión,2520
clase,252023,Controles de pasajeros de avión,2520
clase,252024,Sistemas y depósitos de combustible del avión,2520
clase,252025,Equipo de avión,2520
clase,252026,Sistemas y componentes del control ambiental del avión,2520
clase,252027,Acumuladores del avión,2520
clase,261011,Motores eléctricos de corriente alterna AC,2610
clase,261012,Motores eléctricos de corriente directa DC,2610
clase,261013,Motores no eléctricos,2610
clase,261014,Componentes de motores o generadores,2610
clase,261015,Motores,2610
clase,261017,Accesorios y componentes de motor,2610
clase,261019,Componentes de motor de combustión interna,2610
clase,261115,Transmisión de energía cinética,2611
clase,261116,Generadores de potencia,2611
clase,261117,"Baterías, pilas y accesorios",2611
clase,261118,Componentes de la transmisión,2611
clase,261119,Embragues,2611
clase,261120,Piezas y accesorios de embragues,2611
clase,261121,Sistemas de frenado industriales,2611
clase,261215,Alambre eléctrico,2612
clase,261216,Cables eléctricos y accesorios,2612
clase,261217,Cableado preformado,2612
clase,261218,Cable automotriz,2612
clase,261315,Centrales eléctricas,2613
clase,261316,Equipo de cribado o estructuras de tubo de escape,2613
clase,261317,Equipo de detección o vigilancia de producción de energía,2613
clase,261318,Equipo de control de producción de energía,2613
clase,261416,Equipo para ensamblaje subcrítico,2614
clase,261417,Equipo para dosimetría,2614
clase,261418,Aparatos para celda caliente,2614
clase,261419,Instrumentos nucleónicos industriales,2614
clase,261420,Equipo de irradiación,2614
clase,261421,Equipos para reactores nucleares,2614
clase,261422,Equipo para combustible nuclear,2614
clase,261423,Equipos protectores contra la radiación,2614
clase,261424,Equipo para residuos radiactivos,2614
clase,271115,Herramientas de corte y engarzado y punzones,2711
clase,271116,Herramientas de perfilar,2711
clase,271117,Llaves inglesas y guías,2711
clase,271118,Herramientas de medida y bocetaje,2711
clase,271119,Herramientas gruesas y de acabado,2711
clase,271120,"Herramientas manuales de jardinería, agricultura y forestación",2711
clase,271121,Herramientas de sujeción y fijación,2711
clase,271122,Herramientas de albañilería y concreto,2711
clase,271123,Herramientas de marcar,2711
clase,271124,Herramientas de inserción y ajuste,2711
clase,271125,Herramientas para apalancar y curvar,2711
clase,271126,Herramientas para precintar,2711
clase,271127,Herramientas mecánicas,2711
clase,271128,Conexiones de herramientas y accesorios,2711
clase,271129,Herramientas dispensadoras,2711
clase,271130,Cepillos,2711
clase,271131,Herramientas de arrastre,2711
clase,271132,Juegos de herramientas,2711
clase,271133,Herramientas manuales de precisión,2711
clase,271215,Prensas hidráulicas,2712
clase,271216,Pistones y cilindros hidráulicos,2712
clase,271217,Accesorios de tubería y manga hidráulica,2712
clase,271218,Herramientas hidráulicas,2712
clase,271315,Herramientas neumáticas,2713
clase,271316,Accesorios de aire y conectores,2713
clase,271317,Cilindros neumáticos y componentes,2713
clase,271410,Herramientas de carrocería,2714
clase,271411,Herramientas de suspensión,2714
clase,301015,Ángulos,3010
clase,301017,Vigas,3010
clase,301018,Conductos,3010
clase,301020,Hoja,3010
clase,301022,Plancha,3010
clase,301023,Perfiles,3010
clase,301024,Varillas,3010
clase,301028,Pilotaje,3010
clase,301029,Pilares,3010
clase,301031,Rieles,3010
clase,301032,Enrejado,3010
clase,301035,Alma de panal,3010
clase,301036,Productos estructurales,3010
clase,301037,Trenza,3010
clase,301038,Fibras y filamentos mecánicos,3010
clase,301039,Ejes,3010
clase,301115,Concreto y morteros,3011
clase,301116,Cemento y cal,3011
clase,301117,Yesos,3011
clase,301118,Agregados,3011
clase,301119,Elementos para reforzar concreto,3011
clase,301215,Derivados bituminosos,3012
clase,301216,Asfaltos,3012
clase,301217,Materiales de construcción de caminos y carrileras,3012
clase,301218,Materiales de arquitectura paisajística,3012
clase,301219,Materiales para estabilización y refuerzo de suelos,3012
clase,301315,Bloques,3013
clase,301316,Ladrillos,3013
clase,301317,Azulejos y baldosas,3013
clase,301415,Aislamiento térmico,3014
clase,301416,Aislamiento especial,3014
clase,301417,Capas de sellamiento de aislamiento,3014
clase,301515,Material para tejados y techos,3015
clase,301516,Accesorios para tejados,3015
clase,301517,Canalones de tejado y accesorios,3015
clase,301518,Materiales para revestimiento de paredes y exterior,3015
clase,301519,Materiales y productos para acabados,3015
clase,301520,Cercado,3015
clase,301521,Superficie,3015
clase,301615,Materiales para acabados de paredes,3016
clase,301616,Materiales para techos,3016
clase,301617,Suelos,3016
clase,301618,Ebanistería,3016
clase,301619,Moldeado y carpintería mecánica,3016
clase,301620,Molduras y carpintería,3016
clase,301621,Laminados interiores,3016
clase,301622,Mostradores,3016
clase,301623,Accesorios para gabinetes,3016
clase,301624,Muros divisorios,3016
clase,301715,Puertas,3017
clase,301716,Ventanas,3017
clase,301717,Productos de cristal,3017
clase,301718,Claraboyas,3017
clase,301719,Marcos de ventanas,3017
clase,301720,Puertas,3017
clase,301721,Puertas para garaje y operadores,3017
clase,301815,Porcelana sanitaria,3018
clase,301816,Instalaciones residenciales no sanitarias,3018
clase,301817,Grifos,3018
clase,301818,"Cabezas, chorros y partes y accesorios de grifos y duchas",3018
clase,301915,Escaleras y andamios,3019
clase,301916,Escaleras y accesorios de andamiaje,3019
clase,301917,Cobertizos y remolques de construcción,3019
clase,301918,Equipos y materiales para construcciones temporales y apoyo al mantenimiento,3019
clase,302415,Componentes de consolidación de estructuras portátiles,3024
clase,302416,"Componentes estructurales de tribunas, gradas y escalera",3024
clase,302417,"Componentes soporte y cobertura de tiendas, carpas y estructuras de membrana",3024
clase,302515,Estructuras de soporte de techos bajo tierra,3025
clase,302615,Barras de latón,3026
clase,302616,Láminas de latón,3026
clase,302617,"Lingotes, bandas, palanquillas y alambres de latón",3026
clase,302618,Barras y láminas de magnesio,3026
clase,302619,"Lingotes, bandas, palanquillas y alambres de magnesio",3026
clase,302620,Barras y láminas de titanio,3026
clase,302621,"Lingotes, bandas, palanquillas y alambres de titanio",3026
clase,302622,Barras de cobre,3026
clase,302623,Láminas de cobre,3026
clase,302624,"Lingotes, bandas, palanquillas y alambres de cobre",3026
clase,302625,Barras de bronce,3026
clase,302626,Láminas de bronce,3026
clase,302627,"Lingotes, bandas, palanquillas y alambres de bronce",3026
clase,302628,Barras y láminas de zinc,3026
clase,302629,"Lingotes, bandas, palanquillas y alambres de zinc",3026
clase,302630,Barras de estaño,3026
clase,302631,Láminas de estaño,3026
clase,302632,"Lingotes, bandas, palanquillas y alambres de estaño",3026
clase,302633,Barras de plomo,3026
clase,302634,Láminas de plomo,3026
clase,302635,"Lingotes, bandas, palanquillas y alambres de plomo",3026
clase,302636,Barras de acero al carbón,3026
clase,302637,Barras de aleación de acero,3026
clase,302638,Barras de acero de herramienta,3026
clase,302639,Barras de acero especial,3026
clase,302640,Láminas de acero al carbón,3026
clase,302641,Láminas de aleación de acero,3026
clase,302642,Láminas de acero de herramienta,3026
clase,302643,Láminas de acero especial,3026
clase,302644,"Lingotes, bandas, palanquillas y alambres de al carbón",3026
clase,302645,Barras de acero inoxidable,3026
clase,302646,Láminas de acero inoxidable,3026
clase,302647,Alambre de acero inoxidable,3026
clase,302648,Bandas de acero inoxidable,3026
clase,302649,Barras de aluminio,3026
clase,302650,Láminas de aluminio,3026
clase,302651,Alambre de aluminio,3026
clase,302652,Bandas y lingotes de aluminio,3026
clase,302653,Barras de hierro,3026
clase,302654,Láminas de hierro,3026
clase,302655,"Lingotes, bandas, palanquillas y alambres de hierro",3026
clase,302656,Barras y láminas de aleaciones ferrosas,3026
clase,302657,"Lingotes, bandas, palanquillas y alambres de aleaciones ferrosas",3026
clase,302658,Barras y láminas plásticas,3026
clase,302659,Alambre y bandas de plástico,3026
clase,302660,Barras de metales preciosos y metales especiales,3026
clase,302661,Láminas de metales preciosos y metales especiales,3026
clase,302662,"Lingotes, bandas, palanquillas y alambres de metales preciosos y metales especiales",3026
clase,302663,Materiales estructurales de madera,3026
clase,302664,Barras y láminas de materiales especiales,3026
clase,302665,"Lingotes, bandas, palanquillas y alambres de  materiales especiales",3026
clase,302666,Láminas y lingotes de níckel,3026
clase,302667,Trasmisiones,3026
clase,311016,Moldeos en arena,3110
clase,311017,Piezas fundidas en molde permanente,3110
clase,311018,Piezas fundidas por moldeo en cáscara,3110
clase,311019,Piezas fundidas a la cera perdida,3110
clase,311020,Piezas de fundición centrífuga,3110
clase,311021,Piezas fundidas en molde cerámico,3110
clase,311022,Piezas fundidas en molde de grafito,3110
clase,311023,Piezas fundidas en molde de yeso,3110
clase,311024,Fundiciones en V,3110
clase,311025,Fundiciones con troquel y ensambles de fundiciones permanentes de baja presión,3110
clase,311026,Fundiciones con troquel y ensambles de fundiciones  de alta presión,3110
clase,311027,Fundiciones y ensambles de fundiciones por apriete,3110
clase,311028,Fundiciones con troquel y ensambles de fundiciones semi - sólidas,3110
clase,311029,Moldeos con troquel y ensambles de fundiciones permanentes a gravedad,3110
clase,311115,Extrusiones de perfiles,3111
clase,311116,Extrusiones por percusión,3111
clase,311117,Extrusiones en frío,3111
clase,311210,Piezas fundidas mecanizadas de proceso v,3112
clase,311211,Fundiciones a troquel mecanizadas,3112
clase,311212,Fundiciones en arena mecanizadas,3112
clase,311213,Fundiciones de molde permanente mecanizadas,3112
clase,311214,Fundiciones de molde de yeso mecanizadas,3112
clase,311215,Fundiciones de molde de concha,3112
clase,311216,Piezas fundidas mecanizadas de inversión,3112
clase,311217,Piezas fundidas centrífugas mecanizadas,3112
clase,311218,Fundiciones labradas de molde de cerámica,3112
clase,311219,Fundiciones labradas de molde de grafito,3112
clase,311220,Fundiciones y ensambles de fundiciones maquinadas por apriete,3112
clase,311221,Fundiciones y ensambles de fundiciones maquinadas semi - sólidas,3112
clase,311222,Fundiciones y ensambles de fundiciones maquinadas por gravedad permanente,3112
clase,311320,Componentes de metal en polvo,3113
clase,311321,Forjas de acero,3113
clase,311322,Forjas de latón,3113
clase,311323,Forjas de aluminio,3113
clase,311324,Forjas de aleaciones no ferrosas,3113
clase,311325,Forjas de aleaciones ferrosas,3113
clase,311326,Forjas de acero inoxidable,3113
clase,311327,Forjas de hierro,3113
clase,311328,Forjas de magnesio,3113
clase,311329,Forjas de titanio,3113
clase,311330,Forjas de berilio,3113
clase,311331,Forjas de cobre,3113
clase,311332,Forjas de zinc,3113
clase,311333,Forjas de bronce,3113
clase,311334,Forjas de estaño,3113
clase,311335,Forjas de plomo,3113
clase,311336,Forjas de metales preciosos,3113
clase,311337,Metales en polvos y aleaciones de metal,3113
clase,311415,Molduras por inyección,3114
clase,311416,Molduras al vacío,3114
clase,311417,Moldeados por inyección de aire,3114
clase,311418,Moldeos por inyección y reacción (RIM),3114
clase,311419,Moldeados de inyección con inserción,3114
clase,311420,Ensambles de moldeados termoplásticos,3114
clase,311421,Engastes de moldeado termoplástico,3114
clase,311422,Ensambles de engastes termoplástico moldeado por disparo múltiple,3114
clase,311423,Ensambles de engastes termoplástico moldeado por inyección,3114
clase,311424,Ensambles de moldeado termofraguado,3114
clase,311425,Engastes de moldeado termofraguado,3114
clase,311426,Ensambles de engaste termofraguado moldeado por disparo múltiple,3114
clase,311427,Ensambles de engaste termofraguado moldeado,3114
clase,311428,Moldeados por inmersión,3114
clase,311429,Moldeados decorados en el molde por inyección,3114
clase,311430,Moldeados asistidos por gas,3114
clase,311431,Ensambles de moldeado termoplástico terminados,3114
clase,311432,Moldeados decorados por inyección post moldeado,3114
clase,311515,Cuerdas,3115
clase,311516,Cadenas,3115
clase,311517,Cable mecánico,3115
clase,311518,Alambre mecánico,3115
clase,311519,Correas,3115
clase,311520,Cable de seguridad,3115
clase,311521,Cordones,3115
clase,311522,Alambres no eléctricos de hierro y acero,3115
clase,311523,Alambres no eléctricos de metales no ferrosos,3115
clase,311615,Tornillos,3116
clase,311616,Pernos,3116
clase,311617,Tuercas,3116
clase,311618,Arandelas,3116
clase,311619,Muelles,3116
clase,311620,Clavos,3116
clase,311621,Anclas,3116
clase,311622,Remaches,3116
clase,311623,Ferretería de montaje,3116
clase,311624,Fijadores varios,3116
clase,311625,Soportes y puntales,3116
clase,311626,Ganchos,3116
clase,311627,Roldanas pivotantes y Ruedas,3116
clase,311628,Ferretería en general,3116
clase,311629,Mordazas,3116
clase,311630,Embragues,3116
clase,311631,Conectores,3116
clase,311632,Herraje de retención,3116
clase,311633,Espaciadores,3116
clase,311634,Redes de metal y estructuras de cribado,3116
clase,311715,Rodamientos,3117
clase,311716,Cojinetes,3117
clase,311717,Engranajes,3117
clase,311718,Ruedas industriales,3117
clase,311719,Ruedas dentadas,3117
clase,311817,Embalajes y empaquetaduras,3118
clase,311818,Cubiertas automotrices,3118
clase,311915,Abrasivos y medios de abrasivo,3119
clase,311916,Ruedas abrasivas,3119
clase,312015,Cinta adhesiva,3120
clase,312016,Otros adhesivos y selladores,3120
clase,312115,Pinturas y tapa poros,3121
clase,312116,Aditivos para pinturas,3121
clase,312117,Acabados en general,3121
clase,312118,Disolventes y diluyentes para pinturas,3121
clase,312119,Aplicadores de pintura y accesorios para pintar,3121
clase,312216,Productos para curtidos,3122
clase,312311,Material en barra labrada,3123
clase,312312,Material en placas labrado,3123
clase,312314,Suplementos,3123
clase,312415,Lentes y prismas,3124
clase,312416,Cristales ópticos,3124
clase,312417,Espejos,3124
clase,312418,Filtros ópticos,3124
clase,312419,Bóvedas ópticas,3124
clase,312420,Ventanas de láser y lentes,3124
clase,312421,Accesorios de dispositivos ópticos,3124
clase,312422,Componentes ópticos variados,3124
clase,312515,Activadores,3125
clase,312516,Componentes de robot,3125
clase,312615,Cubiertas y cajas,3126
clase,312616,Cascos y envolturas,3126
clase,312617,Cerramientos o alojamientos insonorizantes,3126
clase,312716,Piezas hechas con torno de roscar,3127
clase,312815,Componentes estampados,3128
clase,312817,Componentes soldados,3128
clase,312818,Componentes perforados,3128
clase,312819,Componentes formados por estiraje,3128
clase,312820,Componentes hidro formados,3128
clase,312821,Componentes formados con rotación,3128
clase,312822,Componentes formados con rodillo,3128
clase,312823,Componentes formados por estiramiento por presión,3128
clase,312824,Componentes formados de explosivos,3128
clase,312911,Estiramientos por presión hidrostática labrados,3129
clase,312912,Estiramientos por presión de impacto labrados,3129
clase,312913,Estiramientos por presión en frío labrados,3129
clase,312914,Estiramientos por presión en caliente labrados,3129
clase,313011,Forjas labradas con troquel abierto,3130
clase,313012,Forjas labradas con troquel cerrado,3130
clase,313013,Forjas labradas de troquel de impresión,3130
clase,313014,Forjas labradas por reducción,3130
clase,313015,Forjas labradas de anillo cilindrado,3130
clase,313111,Conjuntos de tubería soldada de solvente,3131
clase,313112,Conjuntos de tubería remachada,3131
clase,313113,Conjuntos empernados de tubería,3131
clase,313114,Conjuntos de tuberías soldadas con ultra violeta UV,3131
clase,313115,Conjuntos de tubería soldado o soldado con latón,3131
clase,313116,Conjuntos de tubería soldada sónica,3131
clase,313117,Conjuntos de tubería pegada,3131
clase,313211,Conjuntos ligados de material en barras,3132
clase,313212,Conjuntos soldados de solvente de material en barras,3132
clase,313213,Conjuntos remachados de material en barras,3132
clase,313214,Conjuntos soldados o soldados en fuerte de material en barras,3132
clase,313215,Conjuntos de barras soldadas con ultra violeta UV,3132
clase,313216,Conjuntos sónicos soldados de material en barras,3132
clase,313217,Conjuntos empernados de material en barras,3132
clase,313311,Conjuntos estructurales con acabado ligado,3133
clase,313312,Conjuntos estructurales empernados,3133
clase,313313,Conjuntos estructurales soldado sónico,3133
clase,313314,Conjuntos estructurales soldados con ultra violeta UV,3133
clase,313315,Conjuntos estructurales soldado de solvente,3133
clase,313316,Conjuntos estructurales soldado o soldado con latón,3133
clase,313317,Conjuntos estructurales remachados,3133
clase,313411,Conjuntos de placa soldado o soldado con latón,3134
clase,313412,Conjuntos remachados de placa,3134
clase,313413,Conjuntos de láminas soldadas con ultra violeta UV,3134
clase,313414,Conjuntos de lámina soldada sónica,3134
clase,313415,Conjuntos de lámina soldada de solvente,3134
clase,313416,Conjuntos de lámina con acabado ligado,3134
clase,313417,Conjuntos de lámina empernada,3134
clase,313511,Conjuntos de tubos soldados con ultra violeta UV,3135
clase,313512,Conjuntos de tubería soldada o soldada con latón,3135
clase,313513,Conjuntos de tubería remachada,3135
clase,313514,Conjuntos de tubería ligada,3135
clase,313515,Conjuntos de tubería empernados,3135
clase,313516,Conjuntos de tubería soldada de solvente,3135
clase,313517,Conjuntos de tubería soldada sónica,3135
clase,313611,Conjuntos de placa ligados,3136
clase,313612,Conjuntos de placa empernados,3136
clase,313613,Conjuntos de placa soldados de solvente,3136
clase,313614,Conjuntos de placas soldadas o soldadas con latón,3136
clase,313615,Conjuntos de placas soldadas con ultra violeta UV,3136
clase,313616,Conjuntos de placas soldadas con sónico,3136
clase,313617,Conjuntos de placas remachadas,3136
clase,313710,Productos de fibra de cerámica,3137
clase,313711,Ladrillos refractarios,3137
clase,313712,Compuestos para moldear,3137
clase,313713,Refractarios formados,3137
clase,313714,Losetas refractarias,3137
clase,313811,Imanes fundidos y ensambles magnéticos,3138
clase,313812,Imanes sinterizados y ensambles magnéticos,3138
clase,313813,Imanes prensados y ensambles magnéticos,3138
clase,313814,Imanes pegados con plástico y ensambles magnéticos,3138
clase,313815,Imanes moldeados por inyección y ensambles magnéticos,3138
clase,313915,Maquinados de precisión estándar,3139
clase,313916,Maquinados de precisión media,3139
clase,313917,Maquinados de precisión alta,3139
clase,314015,Empaques Moldeados,3140
clase,314016,Empaques troquelados,3140
clase,314017,Empaques estampados,3140
clase,314018,Empaques cortados con chorro de agua,3140
clase,314019,Empaques líquidos,3140
clase,314115,Sellos torneados,3141
clase,314116,Sellos troquelados,3141
clase,314117,Sellos mecánicos,3141
clase,314118,Sellos de diafragma,3141
clase,314119,Sellos moldeados,3141
clase,314215,Sellos sinterizados,3142
clase,321015,Conjuntos de circuitos y componentes de radiofrecuencia (RF),3210
clase,321016,Circuitos integrados,3210
clase,321115,Diodos,3211
clase,321116,Transistores,3211
clase,321117,Aparatos semiconductores,3211
clase,321215,Capacitores,3212
clase,321216,Resistores,3212
clase,321217,Componentes discretos,3212
clase,321218,Filtros de señales,3212
clase,321219,Resonadores,3212
clase,321310,"Accesorios, materias primas y piezas de componentes electrónicos",3213
clase,321410,Tubos electrónicos,3214
clase,321411,Piezas y accesorios de tubos electrónicos,3214
clase,321515,Dispositivos de control de indicación y de señalización,3215
clase,321516,Subsistemas programables de controlador lógico,3215
clase,321517,Controladores lógicos programables,3215
clase,321518,Dispositivos de control de seguridad,3215
clase,321519,Dispositivos de automatización de control de la conectividad,3215
clase,321520,Control de procesos o sistemas empaquetados de automatización,3215
clase,391016,Lámparas y bombillas,3910
clase,391018,Componentes y accesorios de Lámpara,3910
clase,391019,Balastos de lámparas y transformadores de lámparas,3910
clase,391115,Iluminación de interiores y artefactos,3911
clase,391116,Iluminación exterior y artefactos,3911
clase,391117,Alumbrado de emergencia,3911
clase,391118,Accesorios de iluminación,3911
clase,391119,Señalización e iluminación de emplazamientos peligrosos,3911
clase,391120,Proyectores móviles,3911
clase,391121,Iluminación óptica,3911
clase,391122,Dispositivos de efectos especiales,3911
clase,391123,Iluminación y accesorios de escenarios y estudios,3911
clase,391124,Dispositivos para manejo de luces y control de escenarios y estudios,3911
clase,391125,Luminarias de escenarios y estudios,3911
clase,391126,Dispositivos de iluminación no - eléctrica,3911
clase,391210,Equipamiento para distribución y conversión de alimentación,3912
clase,391211,Centros de control y distribución y accesorios,3912
clase,391213,"Cuadros, registros y menaje para electricidad",3912
clase,391214,"Lengüetas de conexión, conectadores y terminales",3912
clase,391215,"Conmutadores, controles y relés y accesorios",3912
clase,391216,Dispositivos y accesorios para la protección de circuitos,3912
clase,391217,Ferretería eléctrica y suministros,3912
clase,391218,Instalaciones de Edificios Inteligentes - IBI,3912
clase,391219,Dispositivos y accesorios de seguridad eléctrica,3912
clase,391220,Unidades eléctricas de velocidades variables,3912
clase,391221,Equipo de transmisión y distribución eléctrica,3912
clase,391222,Interruptores eléctricos y accesorios,3912
clase,391223,Relés eléctricos y accesorios,3912
clase,391315,Marcadores de alambre y dispositivos para marcar alambre,3913
clase,391316,Dispositivos de protección de alambre,3913
clase,391317,"Conductos eléctricos, electroductos y cables aéreos",3913
clase,401015,Ventilación,4010
clase,401016,Circulación del aire y piezas y accesorios,4010
clase,401017,Enfriamiento,4010
clase,401018,Equipo de calefacción y piezas y accesorios,4010
clase,401019,Control de humedad,4010
clase,401020,Calderas,4010
clase,401021,Chimeneas y accesorios,4010
clase,401416,Válvulas,4014
clase,401417,Material de ferretería y accesorios,4014
clase,401419,Conductos,4014
clase,401420,Mangueras,4014
clase,401422,Reguladores de gas y fluido,4014
clase,401425,Interceptores y coladores,4014
clase,401515,Bombas,4015
clase,401516,Compresores,4015
clase,401517,Piezas y accesorios de bomba,4015
clase,401518,Partes o accesorios de compresores,4015
clase,401615,Filtros,4016
clase,401616,Purificación,4016
clase,401617,Separadores,4016
clase,401618,Medios de filtrado,4016
clase,401715,Tubos y tuberías comerciales,4017
clase,401716,Tubos y tuberías industriales,4017
clase,401717,Adaptadores de tubos,4017
clase,401718,Anillos frontales de ángulos de tubos,4017
clase,401719,Bridas de respaldo para tubos,4017
clase,401720,Deflectores para tubos,4017
clase,401721,Codos para tubos,4017
clase,401722,Bridas ciegas para tubos,4017
clase,401723,Casquillos para tubos,4017
clase,401724,Tapas para tubos,4017
clase,401725,Conectores de tubos,4017
clase,401726,Acoples de tubos,4017
clase,401727,Cruces de tubos,4017
clase,401728,Codos de tubos,4017
clase,401729,Uniones de extensión de tubos,4017
clase,401730,Semiacoplamientos de tubería,4017
clase,401731,Brida de junta de empalme para tubos,4017
clase,401732,Bridas cuello largas para soldar,4017
clase,401733,Boquillas de tubos,4017
clase,401734,Bridas de plato,4017
clase,401735,Tapones para tubos,4017
clase,401736,Acoplamientos reductores para tubos,4017
clase,401737,Bridas reductoras para tubos,4017
clase,401738,Abrazaderas de reparación para tubos,4017
clase,401739,Disco de ruptura para tubos,4017
clase,401740,Brida deslizante para tubos,4017
clase,401741,Brida encajada por soldadura para tubos,4017
clase,401742,Sockolets para tubos,4017
clase,401743,Espaciadores para tubos,4017
clase,401744,Bridas ciegas para tubos,4017
clase,401745,Pivotes o uniones rotativas para tubos,4017
clase,401746,T para tubos,4017
clase,401747,Brida roscada para tubos,4017
clase,401748,Bridas de inodoro para tubos,4017
clase,401749,Uniones para tubos,4017
clase,401750,Bridas cuello para tubos,4017
clase,401751,Brida encajada por soldadura,4017
clase,401752,Y de conexión para tubos,4017
clase,401753,Accesorios y bridas especializados para tubos,4017
clase,401815,Tubos de cobre soldados,4018
clase,401816,Tubos de latón soldados,4018
clase,401817,Tubos de aluminio soldados,4018
clase,401818,Tubos de acero soldados,4018
clase,401819,Tubos de acero inoxidable soldados,4018
clase,401820,Tubos de cobre sin uniones,4018
clase,401821,Tubos de latón sin uniones,4018
clase,401822,Tubos de aluminio sin uniones,4018
clase,401823,Tubos de acero sin uniones,4018
clase,401824,Tubos de acero inoxidable sin uniones,4018
clase,401825,Tubos de cobre extruidos,4018
clase,401826,Tubos de latón extruidos,4018
clase,401827,Tubos de aluminio extruidos,4018
clase,401828,Tubos de acero extruidos,4018
clase,401829,Tubos de acero inoxidable extruidos,4018
clase,401830,Tuberías de caucho y plástico,4018
clase,401831,Accesorios de tubos,4018
clase,411015,"Equipo y suministros para la mezcla, la dispersión y la homogeneización en laboratorio",4110
clase,411017,"Equipo de perforación, amoladura, corte, trituración y prensado para laboratorio",4110
clase,411018,Equipo de física de electrones y de estado sólido para laboratorio,4110
clase,411019,Equipo iónico de laboratorio,4110
clase,411024,Equipo de calefacción y secadores para laboratorio,4110
clase,411025,Equipo entomológico para laboratorio y accesorios,4110
clase,411026,Equipo y accesorios para laboratorio animal,4110
clase,411027,Equipo de cristalografía,4110
clase,411029,Equipo de histología,4110
clase,411030,Equipo de enfriamiento para laboratorio,4110
clase,411032,Equipo de lavado de laboratorio,4110
clase,411033,Equipo de mecánica de fluidos,4110
clase,411034,Equipo de acondicionamiento ambiental para laboratorio,4110
clase,411035,Recintos cerrados de laboratorio y accesorios,4110
clase,411037,Cubetas de laboratorio,4110
clase,411038,Equipo y suministros para la mezcla y la agitación por sacudida o varillas en laboratorio,4110
clase,411039,Centrifugadoras de laboratorio y accesorios,4110
clase,411040,Equipo de toma de muestras,4110
clase,411041,"Contenedores de recogida y transporte de especímenes, y suministros",4110
clase,411042,Equipo y suministros de purificación de agua para laboratorio,4110
clase,411043,Equipo de fermentación,4110
clase,411044,Equipo de incubación de laboratorio,4110
clase,411045,Estufas de laboratorio y accesorios,4110
clase,411046,Hornos de laboratorio y accesorios,4110
clase,411047,"Secadoras por congelación y liofilizadores de laboratorio, y accesorios",4110
clase,411048,"Equipo y suministros de laboratorio para el vertido, la destilación, la evaporación y la extracción",4110
clase,411049,Equipo y suministros de filtrado para laboratorio,4110
clase,411050,Equipo y suministros de tamizado y cribado para laboratorio,4110
clase,411051,Bombas y conductos de laboratorio,4110
clase,411052,Equipo de teñido de portaobjetos de laboratorio y accesorios,4110
clase,411053,Sistemas de electroforesis y transferencia para laboratorio y suministros,4110
clase,411055,"Kits y componentes de extracción, purificación y cuantificación de ácidos nucleicos",4110
clase,411056,Productos secuenciadores de ácido desoxirribonucleico (ADN),4110
clase,411057,Matrices génicas,4110
clase,411058,Productos de transcripción y traducción in vitro,4110
clase,411059,Bibliotecas y material relacionado,4110
clase,411060,Sistemas de etiquetado y detección de ácidos nucleicos,4110
clase,411061,Kits de análisis de ácido desoxirribonucleico (ADN),4110
clase,411062,"Medios, kits y equipo de propagación y transformación de microorganismos",4110
clase,411063,Productos de reacción en cadena de la polimerasa (PCR) y reacción en cadena de transcriptasa inversa de la polimerasa (RT PCR),4110
clase,411064,"Iniciadores, enlaces y adaptadores",4110
clase,411065,Productos de expresión proteínica,4110
clase,411066,Vectores,4110
clase,411067,Equipos y accesorios de laboratorio botánico,4110
clase,411115,Instrumentos de medición del peso,4111
clase,411116,"Instrumentos de medida de longitud, espesor o distancia",4111
clase,411117,Instrumentos y accesorios de visión y observación,4111
clase,411118,Equipo de examen no destructivo,4111
clase,411119,Instrumentos indicadores y de registro,4111
clase,411121,Transductores,4111
clase,411122,Instrumentos de medida de temperatura y calor,4111
clase,411123,Instrumentos de medición de la humedad,4111
clase,411124,Instrumentos de medida y control de la presión,4111
clase,411125,Instrumentos de medición y observación del caudal de fluidos,4111
clase,411126,Equipo de monitorización y comprobación higiénica,4111
clase,411127,Equipo para semillas y piensos,4111
clase,411128,Equipo e instrumentos relacionados con el transporte,4111
clase,411129,Equipo e instrumentos de navegación,4111
clase,411130,Instrumentos de suministros evaluación química,4111
clase,411131,Analizadores y monitores de gas,4111
clase,411133,"Analizadores de líquidos, sólidos y elementos",4111
clase,411134,Instrumentos de evaluación nuclear,4111
clase,411136,Equipo de medición y comprobación eléctrica,4111
clase,411137,Instrumentos de medición y comprobación de comunicación electrónica,4111
clase,411138,"Instrumentos geofísicos, geotécnicos e hidrológicos",4111
clase,411139,Equipo para medición de suelos,4111
clase,411140,Equipo de medida de rocas y estratos,4111
clase,411141,Instrumentos sismológicos,4111
clase,411142,Instrumentos de agrimensión,4111
clase,411143,Instrumentos hidrológicos,4111
clase,411144,Instrumentos meteorológicos,4111
clase,411145,Instrumentos mecánicos,4111
clase,411146,"Instrumentos de verificación de metales, metalurgia y materiales estructurales",4111
clase,411147,"Instrumentos para comprobación de papel, madera y tejidos",4111
clase,411148,Instrumentos para comprobación de cerámica y vidrio,4111
clase,411151,Instrumentos para comprobación de carbón y mineral,4111
clase,411152,Sistemas y componentes de radar y sonar,4111
clase,411153,Equipo de generación y medición de luz y ondas,4111
clase,411154,Equipo espectroscópico,4111
clase,411155,Equipo de generación y medición de sonido,4111
clase,411156,Instrumentos y accesorios de medición electroquímica,4111
clase,411157,Instrumentos y accesorios de medición cromatográfica,4111
clase,411158,"Analizadores, accesorios y suministros clínicos y diagnósticos",4111
clase,411160,Reactivos de analizadores clínicos y diagnósticos,4111
clase,411161,"Kits de ensayos manuales, controles de calidad, calibradores y normativas",4111
clase,411162,Suministros y equipo para lugares de tratamiento de pacientes,4111
clase,411163,Comprobadores de punto de inflamación para laboratorio,4111
clase,411164,Instrumentos de medición de la aceleración y la vibración,4111
clase,411165,Piezas y accesorios de instrumentos,4111
clase,411215,Equipo y suministros de pipetas y manipulación de líquidos,4112
clase,411216,Puntas de pipeta,4112
clase,411217,Tubos de ensayo,4112
clase,411218,Artículos de vidrio o plástico y suministros generales de laboratorio,4112
clase,411220,Jeringuillas de laboratorio o de muestreo,4112
clase,411221,Suministros de cultivo de tejido y cribado de alta definición,4112
clase,411222,Crisoles,4112
clase,411223,Protectores y revestimientos de banco de laboratorio,4112
clase,411224,Instrumentos de laboratorio,4112
clase,411225,"Corchos, tapones y accesorios de laboratorio",4112
clase,411226,Portaobjetos de laboratorio y suministros,4112
clase,411227,Cintas y etiquetas de laboratorio,4112
clase,411228,"Estantes, soportes y bandejas de laboratorio",4112
clase,411230,Desecadores y desecantes de laboratorio,4112
clase,411231,Suministros de diálisis para laboratorio,4112
clase,411232,Especímenes preservados y suministros,4112
clase,411233,Contenedores y armarios de almacenamiento general para laboratorio,4112
clase,411234,Dispositivos de dosificación,4112
clase,421215,Equipo veterinario,4212
clase,421216,Productos veterinarios,4212
clase,421217,Mobiliario clínico veterinario,4212
clase,421218,Equipo y suministros para inseminación artificial veterinaria,4212
clase,421315,Vestuario para pacientes,4213
clase,421316,Vestuario para el personal sanitario y artículos relacionados,4213
clase,421317,Prendas textiles quirúrgicas,4213
clase,421321,Ropa blanca del hospital,4213
clase,421322,Guantes y accesorios médicos,4213
clase,421415,Bolas de algodón y copitos aplicadores,4214
clase,421416,Palanganas y Bacinillas de cama y orinales y equipos de ingreso,4214
clase,421417,Productos para la prevención de decúbito,4214
clase,421418,Equipo de electroterapia,4214
clase,421419,Suministros para la administración de enema,4214
clase,421420,"Instrumentos de grado bajo ""floor grade""",4214
clase,421421,Productos de terapia de frío y de calor,4214
clase,421422,Productos de hidroterapia,4214
clase,421423,Productos de documentación médica,4214
clase,421424,Productos médicos de vacío o de succión,4214
clase,421425,Agujas de inyección y aspiración y accesorios,4214
clase,421426,Jeringas y accesorios,4214
clase,421427,Suministros urológicos,4214
clase,421428,Suministros y equipos para terapia vascular y de compresión,4214
clase,421429,Corrección de la visión o gafas cosméticas y productos relacionados,4214
clase,421431,Equipo y suministros de obstetricia y ginecología,4214
clase,421432,Equipo y suministros de tratamiento de la fertilidad y la esterilidad,4214
clase,421433,Equipo y suministros de quimioterapia,4214
clase,421434,Equipo y suministros de control de hiperhidrosis,4214
clase,421435,Productos y accesorios de otorrinolaringología,4214
clase,421436,Sujeciones y accesorios,4214
clase,421437,Sistemas y accesorios de fototerapia,4214
clase,421438,Instrumentos y suministros y equipos para la medición de presión urológica,4214
clase,421439,Productos para la incontinencia fecal,4214
clase,421440,Partes y accesorios para dispositivos auditivos externos,4214
clase,421441,Productos para drenaje de la cavidad pleural,4214
clase,421442,Equipo de acupuntura,4214
clase,421443,Productos de contra pulsación externa,4214
clase,421515,Suministros y equipos de odontología cosmética,4215
clase,421516,Instrumentos y dispositivos dentales y de subespecialidad,4215
clase,421517,Muebles para la clínica dental,4215
clase,421518,Rellenos y acabados dentales y suministros para pulir,4215
clase,421519,Equipo y suministros para higiene dental y cuidado preventivo,4215
clase,421520,Equipo y suministros para hacer imágenes dentales,4215
clase,421521,Equipo y suministros dentales para impresión y formar,4215
clase,421522,Equipo y suministros dentales de laboratorio y de esterilización,4215
clase,421523,"Láseres y equipo de iluminación y fibra óptica para odontología, y suministros",4215
clase,421524,Materiales dentales,4215
clase,421525,Suministros dentales generales,4215
clase,421526,Suministros específicos a la operación dental,4215
clase,421527,Equipo y suministros ortodoncia y prostodónticos,4215
clase,421528,Equipo y suministro periodontal,4215
clase,421615,Equipo de diálisis peritoneal y de equilibrio y suministros,4216
clase,421616,Equipo de hemodiálisis extracorpórea y suministros,4216
clase,421617,Equipo de hemofiltración y suministros,4216
clase,421618,Equipo y suministros de terapia renal sustitutiva continua (CRRT),4216
clase,421619,Equipo y suministros para aféresis terapéutica,4216
clase,421715,Productos de servicio médico de urgencia en la gestión de desastre,4217
clase,421716,"Productos de sacar, inmovilizar y trasladar de servicios médicos de urgencia",4217
clase,421717,Mantas de servicios médicos de urgencia,4217
clase,421718,Equipo de servicios médicos de urgencia de gestión del vía de aire,4217
clase,421719,Cajas o bolsas de almacenaje para servicios médicos de urgencia,4217
clase,421720,Kits para los servicios médicos de urgencias y campo,4217
clase,421721,Productos de resucitación de servicios médicos de emergencia,4217
clase,421722,Suministros de servicios médicos de emergencia,4217
clase,421815,Evaluación diagnóstica y productos de examen de uso general,4218
clase,421816,Unidades de presión sanguínea y productos relacionados,4218
clase,421817,Unidades de electrocardiografía (ECG) y productos relacionados,4218
clase,421818,Oxímetros de pulso,4218
clase,421819,Unidades de control de cuidado intenso y productos relacionados,4218
clase,421820,Especulo y scopios y accesorios para uso del reconocimiento diagnóstico médico,4218
clase,421821,Estetoscopio y productos relacionados,4218
clase,421822,Termómetros médicos y accesorios,4218
clase,421823,Productos del examen neurológico,4218
clase,421824,Productos para probar el oír,4218
clase,421825,Metros de función nasal,4218
clase,421826,Lámparas o luces de examen médico,4218
clase,421827,Dispositivos de medición de talla de examen médico,4218
clase,421828,Básculas médicas de peso,4218
clase,421829,Mesas de examen de especialidad y productos relacionados,4218
clase,421830,Productos de examen diagnóstico oftálmico,4218
clase,421831,Medidores de la capacidad gustativa,4218
clase,421832,Equipo y suministros de alergología,4218
clase,421833,Accesorios de unidades de examen de otorrinolaringología y productos relacionados,4218
clase,421915,Manejo de materiales de facilidad médica y equipo de distribución,4219
clase,421916,Sistemas de construcción de facilidad médica,4219
clase,421917,Productos de gas de hospital,4219
clase,421918,Camas de paciente y accesorios,4219
clase,421919,Armarios clínicos,4219
clase,421920,Mesas de examen o de procedimiento clínico,4219
clase,421921,Asientos y taburetes clínicos y productos relacionados,4219
clase,421922,Productos para transporte de paciente,4219
clase,421923,Elevadores de paciente,4219
clase,421924,Transporte de equipo médico y traslado de productos,4219
clase,421925,Protectores para equipo médico,4219
clase,421926,Dispositivos de dosificación y medición de medicamentos y suministros,4219
clase,422015,Sistemas de tomografía informatizada (TAC o CT) médica y productos relacionados,4220
clase,422016,Productos de resonancia magnética (MRI) médica,4220
clase,422017,Productos de hacer imágenes de ultrasonido médico y de doppler y de eco,4220
clase,422018,Productos radiográficos de diagnóstico médico,4220
clase,422019,Fuentes de iluminación y equipo de visión de película radiográfica médica,4220
clase,422020,Cámaras médicas gamma de diagnóstico y productos relacionados,4220
clase,422021,Productos de Braquiterapia,4220
clase,422022,Productos de radiación gamma,4220
clase,422023,Productos de acelerador lineal de terapia de radiación de intensidad modulada (IMRT) médica,4220
clase,422024,Equipo de tomografía por emisión de positrones (PET) médica y productos relacionados,4220
clase,422025,Equipo de tomografía informatizada por emisión de fotones simples (SPECT) médica y productos relacionados,4220
clase,422026,Productos de administración de radioisótopos y radioimunoterapia,4220
clase,422027,Productos de radioterapia tele terapia,4220
clase,422029,Equipo radiográfico médico de bajo consumo eléctrico,4220
clase,422030,Aceleradores médicos lineales y productos relacionados,4220
clase,422031,Instrumentos radio biológicos,4220
clase,422032,Simuladores de radioterapia,4220
clase,422033,Sistemas médicos estereotáctica,4220
clase,422034,Productos para hacer imágenes vasculares y para cardiología intervencionista y laboratorios de cateterización cardiaca,4220
clase,422035,Marcapasos cardiacos o productos relacionados,4220
clase,422036,Productos de archivar y información de toma de imágenes radiológicos médicos,4220
clase,422037,Suministros y equipo de procesado de toma de imágenes médicos,4220
clase,422038,Auxilios de posicionamiento radiológico médico,4220
clase,422039,Productos para controlar o detectar radiación médica,4220
clase,422040,Productos de protección y resguardo radiológico médico,4220
clase,422041,Equipo caliente de laboratorio y productos relacionados para medicina nuclear,4220
clase,422115,Ayuda de ambulación y traslado y posicionar para personas físicamente discapacitadas,4221
clase,422116,Baño y ayudas de baño para personas físicamente discapacitadas,4221
clase,422117,Ayudas de comunicación para personas físicamente discapacitadas,4221
clase,422118,Ayuda para vestirse y asearse para personas físicamente discapacitadas,4221
clase,422119,Ayuda de preparación de comida y bebida y alimentos para personas físicamente discapacitadas,4221
clase,422120,Cuidado de la casa y ayuda para el cuidado de la casa para personas físicamente discapacitadas,4221
clase,422121,Aparatos de tiempo libre y recreo para personas físicamente discapacitadas,4221
clase,422122,Auxilio de manejo de medicamentos para personas físicamente discapacitadas,4221
clase,422123,Ayuda para llegar o agarrar para personas físicamente discapacitadas,4221
clase,422215,Accesorios y catéteres y cánulas intravenosas y arteriales,4222
clase,422216,Tubería y juegos de administración arterial o intravenoso y productos relacionados,4222
clase,422217,Bolsas de infusión y recipientes y productos relacionados intravenosos y arteriales,4222
clase,422218,Aparatos para posicionar aguja y catéter intravenoso o arterial,4222
clase,422219,Productos de regulación y medida del flujo intravenoso o arterial,4222
clase,422220,"Bombas de infusión intravenosa, así como sus analizadores, sensores y accesorios",4222
clase,422221,Sistemas de transporte y suspensión de equipo arterial y intravenoso,4222
clase,422222,Sistemas de inyectar y retirar intravenosos sin aguja,4222
clase,422223,Productos de transfusión y administración de sangre,4222
clase,422315,Suministros y equipo de alimentación enteral,4223
clase,422316,Accesorios o dispositivos de acceso de jejunostomía y gastronomía,4223
clase,422317,Tubos naso-entéricos,4223
clase,422318,Fórmulas y productos para apoyo nutritivo,4223
clase,422319,Equipo y suministros de lactancia materna,4223
clase,422320,"Trituradores de pastillas, cortapastillas y productos relacionados",4223
clase,422415,Suministros de vaciado de escayola y tablillas,4224
clase,422416,Equipo y piezas y accesorios de vaciado de escayola,4224
clase,422417,Productos blandos ortopédicos para la extremidad inferior,4224
clase,422418,Productos blando ortopédicos para el torso y extremidad superior,4224
clase,422419,Suministros de tablillas dinámicas y batangas,4224
clase,422420,"Dispositivos, accesorios y suministros protésicos",4224
clase,422421,Suministros y accesorios de tracción ortopédica,4224
clase,422423,Equipo y suministros ortopédicos,4224
clase,422515,Productos de terapia y evaluación sensoria y perceptual y dexteridad y cognitiva,4225
clase,422516,Equipo y dispositivos de ejercicio de rehabilitación,4225
clase,422517,Productos para entrenamiento del modo de andar,4225
clase,422518,Equipo para hacer dura el trabajo para rehabilitación o terapia,4225
clase,422615,Suministros y instrumentos para disección de patología,4226
clase,422616,Suministros y equipo de autopsia,4226
clase,422617,Muebles de autopsia,4226
clase,422618,Equipo y suministros de transporte y almacenaje del cadáver,4226
clase,422619,Equipo y suministros forenses clínicos,4226
clase,422620,Equipo y suministros de embalsamar,4226
clase,422621,Equipo y suministros funerarios,4226
clase,422715,Productos para el control respiratorio,4227
clase,422716,Productos de comprobación y tratamiento de las funciones pulmonares,4227
clase,422717,Sistemas y dispositivos de terapia de entrega de oxígeno,4227
clase,422718,Productos de terapia aerosol y humedad respiratoria,4227
clase,422719,Productos para la gestión de la vía aérea,4227
clase,422720,Suministros de intubación,4227
clase,422721,Ventiladores de presión mecánica negativa,4227
clase,422722,Ventiladores y accesorios de presión mecánica positiva,4227
clase,422723,Suministros de resucitadores,4227
clase,422725,"Aparatos de anestesia, y accesorios y suministros",4227
clase,422815,Equipo y accesorios de esterilizadores y de autoclave,4228
clase,422816,Soluciones de desinfectantes y esterilización en frío,4228
clase,422817,Soluciones y equipo de limpieza pre- esterilización,4228
clase,422818,Controles y indicadores de esterilización,4228
clase,422819,Suministros de empaquetar y envoltura de esterilización,4228
clase,422915,Instrumentos quirúrgicos y productos relacionados para biopsia de los huesos,4229
clase,422916,Instrumentos quirúrgicos de cortar y lazos y productos relacionados,4229
clase,422917,Taladros quirúrgicos de mano y escariadores y instrumentos de punción y accesorios y productos relacionados,4229
clase,422918,Abrazaderas quirúrgicas y fórceps y ligadores quirúrgicos y instrumentos relacionados,4229
clase,422919,Posicionadores y portadores de tubos y instrumentos quirúrgicos,4229
clase,422920,Espejos quirúrgicos,4229
clase,422921,Insertadores y extractores quirúrgicos y productos relacionados,4229
clase,422922,Aproximadores y compresores y depresores quirúrgicos y productos relacionados,4229
clase,422923,Hierros de flexión y herramientas de plegar y tenazas y tensionadores y torceduras quirúrgicos y productos relacionados,4229
clase,422924,Machos de roscar y impulsores quirúrgicos y productos relacionados,4229
clase,422925,Martillos y malletes y impactadores y prensas quirúrgicos y productos relacionados,4229
clase,422926,Dilatadores y sondas y ranuras quirúrgicas y productos relacionados,4229
clase,422927,Disectores y Elevadores y Piquetas quirúrgicos y productos relacionados,4229
clase,422928,Instrumentos quirúrgicos de marcar,4229
clase,422929,Instrumentos quirúrgicos de cerrar la sutura de tejido y productos relacionados,4229
clase,422930,Dispositivos quirúrgicos de medir y productos relacionados,4229
clase,422931,Retractores quirúrgicos y productos relacionados,4229
clase,422932,Instrumentos quirúrgicos de mioma,4229
clase,422933,Distractores y esparcidores y separadores quirúrgicos y productos relacionados,4229
clase,422934,Manipuladores y posicionadores quirúrgicos de implante y productos relacionados,4229
clase,422935,Cánulas y puntas y estiletes de irrigación y succión quirúrgica y productos relacionados,4229
clase,422936,Bougies quirúrgicos y sondas y obturadores y productos relacionados,4229
clase,422937,Machacadoras y excavadoras y fragmentadoras quirúrgicas y productos relacionados,4229
clase,422938,Agarradores y buscadores y excavadores y desmoldadores quirúrgicos y productos relacionados,4229
clase,422939,Instrumentos quirúrgicos para empaque de heridas y productos relacionados,4229
clase,422940,Espátulas y cucharas y cucharones quirúrgicos y productos relacionados,4229
clase,422941,Dispositivos esqueléticos quirúrgicos de tracción y productos relacionados,4229
clase,422942,Juegos de instrumentos y sistemas y bandejas quirúrgicos,4229
clase,422943,Instrumentos de biopsia de invasiva mínima del pecho y suministros y equipo,4229
clase,422944,Sistemas cardiacos y vasculares,4229
clase,422945,Instrumentos de especialidad oftálmica y productos relacionados,4229
clase,422946,Productos de autotransfusión,4229
clase,422947,Equipo de perfusión de corazón abierto y monitores y accesorios y productos relacionados,4229
clase,422948,Endoscopios y accesorios y productos relacionados,4229
clase,422949,Instrumentos endoscópicos y suministros accesorios y productos relacionados,4229
clase,422950,Equipo endoscópico y accesorios y productos relacionados,4229
clase,422951,Equipo quirúrgico y accesorios y productos relacionados,4229
clase,422952,Equipo quirúrgico de energía y accesorios y productos relacionados,4229
clase,422953,Suministros y accesorios para cirugía de corazón abierto y productos relacionados,4229
clase,422954,Suministros quirúrgicos auxiliares,4229
clase,422955,Implantes quirúrgico y ensanchadores y extensores y alambres quirúrgicos y productos relacionados,4229
clase,422956,Productos y accesorios de drenaje de fluido cerebroespinal,4229
clase,422958,Sistemas y accesorios de termo - ablación quirúrgica,4229
clase,422959,Stents quirúrgicos,4229
clase,422960,Implantes cardiovasculares,4229
clase,422961,Implantes neuroquirúrgicos,4229
clase,422962,Equipo y accesorios de robótica quirúrgica y productos relacionados,4229
clase,423015,Ayudas para formación médica,4230
clase,423115,Vendas y vendajes y productos relacionados,4231
clase,423116,Agentes hemoestáticos tópicos exógenos,4231
clase,423117,Cintas adhesivas médicas y quirúrgicas y productos relacionados para el uso en especialidades,4231
clase,423119,Drenajes médicos de incisión y bolsas de drenaje y depósitos y productos relacionados,4231
clase,423120,Cierre de tejidos médicos y productos relacionados,4231
clase,423121,Suministros de ostomía y productos no quirúrgicos de drenaje de heridas,4231
clase,423122,Sutura y productos relacionados,4231
clase,423123,Productos para limpiar la herida y desbridamiento,4231
clase,423124,Productos para la curación de heridas,4231
clase,423125,"Dispositivos de sujeción de heridas, y accesorios y suministros",4231
clase,423126,Productos de terapia de presión negativa para heridas,4231
clase,423127,Productos de terapia de oxígeno para heridas tópicas,4231
clase,423215,Implantes de trauma ortopédico,4232
clase,423216,Implantes espinales,4232
clase,423217,Implantes de cadera,4232
clase,423218,Implantes de rodilla,4232
clase,423219,Implantes de hombro,4232
clase,423220,Implantes ortopédicos de articulaciones distales,4232
clase,423221,Implantes ortopédicos de prueba,4232
clase,423222,Productos para la fijación de tejidos blandos,4232
clase,431915,Dispositivos de comunicación personal,4319
clase,431916,Partes o accesorios de dispositivos de comunicación personal,4319
clase,432014,Tarjetas del sistema,4320
clase,432015,Módulos o interfaces de procesadores de tablero (board) del sistema,4320
clase,432016,Componentes del chasis,4320
clase,432018,Dispositivos de almacenamiento,4320
clase,432019,Accesorios de dispositivos de almacenamiento,4320
clase,432020,Dispositivos de almacenamiento extraíbles,4320
clase,432021,Accesorios de dispositivos de almacenamiento extraíbles,4320
clase,432022,Subconjuntos para dispositivos electrónicos,4320
clase,432115,Computadores,4321
clase,432116,Accesorios de computador,4321
clase,432117,Dispositivos informáticos de entrada de datos,4321
clase,432118,Accesorios de dispositivos de entrada de datos de computador,4321
clase,432119,Monitores y pantallas de computador,4321
clase,432120,Accesorios de pantallas de computador,4321
clase,432121,Impresoras de computador,4321
clase,432122,Sistemas de manejo de almacenamiento de datos de computador,4321
clase,432215,Sistemas de gestión de llamadas o accesorios,4322
clase,432216,Componentes y equipo de acceso de abonado de línea digital (DSL) y accesorios,4322
clase,432217,Equipo fijo de red y componentes,4322
clase,432218,Dispositivos de red óptica,4322
clase,432225,Equipo de seguridad de red,4322
clase,432226,Equipo de servicio de red,4322
clase,432227,Equipo telegráfico,4322
clase,432228,Equipo de telefonía,4322
clase,432229,Accesorios de equipo de telefonía,4322
clase,432230,Equipo de teletipo,4322
clase,432231,Componentes y equipo de infraestructura de redes móviles y digitales,4322
clase,432232,Plataformas de mensajería por móvil,4322
clase,432233,Dispositivos y equipos para instalación de conectividad de redes y Datacom,4322
clase,432315,Software funcional específico de la empresa,4323
clase,432316,Software de planificación de recursos empresariales (ERP) y contabilidad financiera,4323
clase,432320,Software de entretenimiento o juegos de computador,4323
clase,432321,Software de edición y creación de contenidos,4323
clase,432322,Software de gestión de contenidos,4323
clase,432323,Software de consultas y gestión de datos,4323
clase,432324,Programas de desarrollo,4323
clase,432325,Software educativo o de referencia,4323
clase,432326,Software específico para la industria,4323
clase,432327,Software de aplicaciones de red,4323
clase,432328,Software de administración de redes,4323
clase,432329,Software para trabajo en redes,4323
clase,432330,Software de entorno operativo,4323
clase,432332,Software de seguridad y protección,4323
clase,432334,Software de controladores de dispositivos y utilidades,4323
clase,432335,Software de intercambio de información,4323
clase,432336,Software de equipo eléctrico,4323
clase,432337,Software de administración de sistemas,4323
clase,441015,Máquinas de duplicación,4410
clase,441016,Máquinas para procesamiento de papel y accesorios,4410
clase,441017,"Accesorios para impresoras, fotocopiadoras y aparatos de fax",4410
clase,441018,Máquinas calculadoras y accesorios,4410
clase,441019,Máquinas para endosar y escribir cheques,4410
clase,441020,Suministros para plastificado,4410
clase,441021,Máquinas de correo,4410
clase,441022,Accesorios para escáneres,4410
clase,441023,Empaquetadoras,4410
clase,441024,Etiquetadoras,4410
clase,441025,Máquinas clasificadoras,4410
clase,441026,Máquinas de escribir y accesorios,4410
clase,441028,Máquinas encuadernadoras y plastificadoras,4410
clase,441029,Accesorios de máquinas de oficina,4410
clase,441030,Fusores y Accesorios,4410
clase,441031,"Suministros para impresora, fax y fotocopiadora",4410
clase,441032,Máquinas y accesorios de registrar la hora para la oficina,4410
clase,441035,Suministros de máquinas de encuadernar,4410
clase,441036,Equipo de eliminación de casetes y accesorios,4410
clase,441115,Agendas y accesorios,4411
clase,441116,Suministros para el manejo de efectivo,4411
clase,441118,Suministros de dibujo,4411
clase,441119,Tableros,4411
clase,441120,Sistemas de planificación,4411
clase,441215,Suministros de correo,4412
clase,441216,Suministros de escritorio,4412
clase,441217,Instrumentos de escritura,4412
clase,441218,Medios de corrección,4412
clase,441219,Repuestos de tinta y minas de lápices,4412
clase,441220,"Carpetas de archivo, carpetas y separadores",4412
clase,441221,Suministros de sujeción,4412
clase,451015,Maquinaria y equipo de imprenta,4510
clase,451016,Accesorios para máquinas de imprenta,4510
clase,451017,Accesorios de imprenta,4510
clase,451018,Equipo y accesorios para el cosido y encuadernación de libros,4510
clase,451019,Equipo y accesorios de laboratorio de imprenta,4510
clase,451020,Máquinas y accesorios de composición,4510
clase,451115,"Atriles, sistemas de sonido y accesorios",4511
clase,451116,Proyectores y suministros,4511
clase,451117,"Equipo de composición y presentación de sonido, hardware y controladores",4511
clase,451118,"Equipo de presentación de vídeo y de mezcla de vídeo y sonido, hardware y controladores",4511
clase,451119,"Equipos, hardware y controladores para sistemas de teleconferencia y videoconferencia",4511
clase,451120,Equipo y suministros de microfilm,4511
clase,451215,Cámaras,4512
clase,451216,Accesorios para cámaras,4512
clase,451217,Equipo de procesamiento fotográfico,4512
clase,451218,Equipo y suministros de producción de microfilmes,4512
clase,451315,Película para cámara fotográfica,4513
clase,451316,Medios cinematográficos,4513
clase,451317,Almacenamiento para soportes audiovisuales,4513
clase,451415,Productos químicos para elaboración fotográfica,4514
clase,451416,Suministros de cuarto oscuro,4514
clase,461015,Armas de fuego,4610
clase,461016,Munición,4610
clase,461017,Sistemas de manipulación de munición,4610
clase,461018,Accesorios de armas y municiones,4610
clase,461115,Bombas y granadas,4611
clase,461116,Sistemas de armas,4611
clase,461117,Sensores de rayos infrarrojos (IR),4611
clase,461118,Armas Navales,4611
clase,461215,Misiles teledirigidos,4612
clase,461216,Subsistemas de misiles,4612
clase,461315,Vehículos de cohetes de lanzamiento,4613
clase,461316,Propulsores,4613
clase,461415,Lanzadores de misiles y cohetes,4614
clase,461515,Equipo de control de masas,4615
clase,461516,Equipo de seguridad y control,4615
clase,461517,Equipo forense y accesorios y suministros,4615
clase,461518,Equipo y accesorios y suministros de control de explosivos,4615
clase,461519,Equipo y accesorios y suministros para el control químico biológico,4615
clase,461615,Control de tráfico,4616
clase,461616,Seguridad del Agua,4616
clase,461617,Equipo y accesorios de rescate,4616
clase,461715,"Cerraduras, elementos de seguridad y accesorios",4617
clase,461716,Equipo de vigilancia y detección,4617
clase,461815,Ropa de seguridad,4618
clase,461816,Calzado de protección,4618
clase,461817,Protectores de cara y cabeza,4618
clase,461818,Protección y accesorios para la visión,4618
clase,461819,Protectores auditivos,4618
clase,461820,Protección de la respiración,4618
clase,461821,Equipo y suministros antiestáticos,4618
clase,461822,Equipo de apoyo ergonómico,4618
clase,461823,Protección anti caída y equipo de rescate,4618
clase,461824,Equipo de limpieza de seguridad y materiales de descontaminación,4618
clase,461825,Armas o dispositivos de seguridad personal,4618
clase,461915,Prevención contra incendios,4619
clase,461916,Equipo contra incendios,4619
clase,462010,Equipo de entrenamiento en seguridad pública,4620
clase,462011,Equipo de entrenamiento de armas pequeñas,4620
clase,471015,Equipo para el tratamiento y suministro de agua,4710
clase,471016,Consumibles para el tratamiento de agua,4710
clase,471115,Equipo de lavado y secado,4711
clase,471116,Equipo de planchado,4711
clase,471117,Equipo de limpieza en seco,4711
clase,471215,Carritos y accesorios para limpieza,4712
clase,471216,Máquinas y accesorios para pisos,4712
clase,471217,Envases y accesorios para residuos,4712
clase,471218,Equipo de limpieza,4712
clase,471219,Accesorios de equipo de limpieza,4712
clase,471315,Trapos y paños de limpieza,4713
clase,471316,"Escobas, traperos, cepillos y accesorios",4713
clase,471317,Suministros para aseos,4713
clase,471318,Soluciones de limpieza y desinfección,4713
clase,471319,Absorbentes,4713
clase,471321,Kits de limpieza,4713
clase,481015,Equipo para cocinar o calentar,4810
clase,481016,Equipos para preparado de alimentos,4810
clase,481017,Distribuidores automáticos de comida y bebida,4810
clase,481018,Menaje y utensilios de cocina,4810
clase,481019,Tazas para servicio de mesa,4810
clase,481020,Mobiliario de restaurantes,4810
clase,481021,Suministros y equipo de manipulación y almacenamiento,4810
clase,481110,Máquinas expendedoras de líquidos,4811
clase,481111,Máquinas expendedoras de piezas/unidades,4811
clase,481112,Máquinas expendedoras de alimentos mandados hacer,4811
clase,481113,Máquinas expendedoras servicios y boletas,4811
clase,481114,Máquinas expendedoras de dinero efectivo,4811
clase,481211,Máquinas de Juego operadas con monedas,4812
clase,481212,Mesas de Juego y Juegos,4812
clase,481213,Gestión de Juego y sistemas de apuestas en red,4812
clase,481315,Productos de entierro o tumbas,4813
clase,491016,Coleccionables,4910
clase,491017,Premios,4910
clase,491215,Equipos para camping y exteriores,4912
clase,491216,Muebles de camping,4912
clase,491315,Aparejos de pesca,4913
clase,491316,Productos de cacería,4913
clase,491415,Escafandras autónomas y tubos de respiración,4914
clase,491416,Equipos y accesorios para windsurf y natación,4914
clase,491515,Equipos de esquí y snowboard,4915
clase,491516,Equipos de patinaje y hockey sobre hielo,4915
clase,491615,Equipos para deportes de campo,4916
clase,491616,Equipos para deportes de raqueta y pista,4916
clase,491617,Equipos para deportes de pista,4916
clase,491715,Equipos de gimnasia,4917
clase,491716,Equipos de boxeo,4917
clase,491815,Equipos y juegos de mesa,4918
clase,491816,Equipo y juegos de tiro al blanco,4918
clase,492015,Equipo de entrenamiento para aeróbicos,4920
clase,492016,Equipo de entrenamiento de pesas y resistencia,4920
clase,492116,Equipo de golf,4921
clase,492117,Equipo de bolos y accesorios y suministros,4921
clase,492118,Equipo de clase de educación física,4921
clase,492215,Accesorios para deporte,4922
clase,492415,Equipo de parques infantiles,4924
clase,492416,Equipo de recreo,4924
clase,492417,Equipo y suministros de piscina y spa,4924
clase,492418,Equipos de sauna,4924
clase,501017,Frutos secos,5010
clase,501115,Carne y aves de corral,5011
clase,501120,Carnes procesadas y preparadas,5011
clase,501215,Pescado,5012
clase,501216,Marisco fresco,5012
clase,501217,Invertebrados acuáticos,5012
clase,501218,Plantas acuáticas,5012
clase,501219,Pescados y mariscos preservados en sal,5012
clase,501316,Huevos y sustitutos,5013
clase,501317,Productos de leche y mantequilla,5013
clase,501318,Queso,5013
clase,501515,Grasas y aceites vegetales comestibles,5015
clase,501516,Grasas y aceites animales comestibles,5015
clase,501615,"Chocolates, azúcares, edulcorantes productos",5016
clase,501618,Productos de confitería,5016
clase,501715,Hierbas y especias y extractos,5017
clase,501717,Vinagres y vinos de cocinar,5017
clase,501718,Salsas y condimentos y productos para untar,5017
clase,501719,Salmuera y salsa y aceitunas,5017
clase,501720,Productos de fríjol de soya fermentados,5017
clase,501817,Suministros y mezclas para hornear,5018
clase,501819,Pan y galletas y pastelitos dulces,5018
clase,501820,Tartas y empanadas y pastas,5018
clase,501915,Sopas y estofados,5019
clase,501921,Pasabocas y snacks,5019
clase,501923,Postres y decoraciones de postres,5019
clase,501924,Mermeladas y gelatinas y pastas de untar de nuez y dulce y conservas de fruta,5019
clase,501925,Sándwiches y panecillos con relleno,5019
clase,501926,Acompañamientos preparados,5019
clase,501927,Platos combinados empaquetados,5019
clase,501928,Empanadas y quiches y pasteles,5019
clase,501929,Pasta o tallarines natural,5019
clase,501930,Bebidas y Comidas Infantiles,5019
clase,501931,Materiales y mezclas instantáneas,5019
clase,501932,Ensaladas preparadas,5019
clase,502017,Café y té,5020
clase,502022,Bebidas alcohólicas,5020
clase,502023,Bebidas no alcohólicas,5020
clase,502024,Jugos o concentrados de cítricos frescos,5020
clase,502025,Jugos o concentrados de bayas frescas,5020
clase,502026,Jugos o concentrados de especies con pepitas frescas,5020
clase,502027,Jugos o concentrados de especies con una semilla grande frescas,5020
clase,502028,Jugos o concentrados de especies tropicales frescas,5020
clase,502030,Jugos o concentrados de melones frescos,5020
clase,502115,Tabaco y substitutos,5021
clase,502116,"Productos, suministros y accesorios para tabaco",5021
clase,502210,Legumbres,5022
clase,502211,Cereales,5022
clase,502212,Cereales procesados,5022
clase,502213,Harina y productos de molinos,5022
clase,503015,Manzanas,5030
clase,503016,Albaricoques,5030
clase,503017,Bananos,5030
clase,503018,Barberries,5030
clase,503019,Gayubas,5030
clase,503020,Moras,5030
clase,503021,Arándanos de mirto,5030
clase,503022,Agrás,5030
clase,503023,Fruta del pan,5030
clase,503024,Chirimoyas,5030
clase,503025,Cerezas,5030
clase,503026,Citrones,5030
clase,503027,Arándanos,5030
clase,503028,pasas de Corinto,5030
clase,503029,Dátiles,5030
clase,503030,Pitahayas,5030
clase,503031,Brevas,5030
clase,503032,Grosellas,5030
clase,503033,Toronjas,5030
clase,503034,Uvas de mesa,5030
clase,503035,Uvas pasas,5030
clase,503036,Uvas para vino,5030
clase,503037,Guayabas,5030
clase,503038,Arándanos Huckleberry,5030
clase,503039,Kiwis,5030
clase,503040,Naranjos Chinos (kumquats),5030
clase,503041,Limones,5030
clase,503042,Limas,5030
clase,503043,Nísperos,5030
clase,503044,Mandarinas,5030
clase,503045,Mangos,5030
clase,503046,Melones,5030
clase,503047,Mora mulberry,5030
clase,503048,Mirtos,5030
clase,503049,Nectarinas,5030
clase,503050,Naranjas,5030
clase,503051,Papayas,5030
clase,503052,Maracuyás,5030
clase,503053,Duraznos,5030
clase,503054,Peras,5030
clase,503055,Caquis,5030
clase,503056,Piñas,5030
clase,503057,Ciruelos Damascos,5030
clase,503058,Ciruelas,5030
clase,503059,Granadas,5030
clase,503060,Pomelos,5030
clase,503061,Membrillos,5030
clase,503062,Frambuesas,5030
clase,503063,Ruibarbos,5030
clase,503064,Escaramujos,5030
clase,503065,Sapotes,5030
clase,503066,Bayas saskatoon,5030
clase,503067,Fresas,5030
clase,503068,Manzanas dulces,5030
clase,503069,Tamarillos,5030
clase,503070,Frutas Nominant,5030
clase,503071,Aronias,5030
clase,503072,Aceitunas,5030
clase,503075,Subproductos de frutas frescas,5030
clase,503115,Manzanas orgánicas,5031
clase,503116,Albaricoques orgánicos,5031
clase,503117,Bananos orgánicos,5031
clase,503118,Barberries orgánicos,5031
clase,503119,Gayubas orgánicas,5031
clase,503120,Moras orgánicas,5031
clase,503121,Arándanos de mirto orgánicos,5031
clase,503122,Agrás orgánicas,5031
clase,503123,Frutas del pan orgánicas,5031
clase,503124,Chirimoyas orgánicas,5031
clase,503125,Cerezas orgánicas,5031
clase,503126,Citrones orgánicos,5031
clase,503127,Arándanos orgánicos,5031
clase,503128,pasas de Corinto orgánicas,5031
clase,503129,Dátiles orgánicos,5031
clase,503130,Pitahayas orgánicas,5031
clase,503131,Brevas orgánicas,5031
clase,503132,Grosellas orgánicas,5031
clase,503133,Toronjas orgánicas,5031
clase,503134,Uvas de mesa orgánicas,5031
clase,503135,Uvas pasas orgánicas,5031
clase,503136,Uvas para vino orgánicas,5031
clase,503137,Guayabas orgánicas,5031
clase,503138,Arándanos Huckleberry orgánicos,5031
clase,503139,Kiwis orgánicos,5031
clase,503140,Naranjos Chinos (kumquats) orgánicos,5031
clase,503141,Limones orgánicos,5031
clase,503142,Limas orgánicas,5031
clase,503143,Nísperos orgánicos,5031
clase,503144,Mandarinas orgánicas,5031
clase,503145,Mangos orgánicos,5031
clase,503146,Melones orgánicos,5031
clase,503147,Moras mulberry orgánicas,5031
clase,503148,Mirtos orgánicos,5031
clase,503149,Nectarinas orgánicos,5031
clase,503150,Naranjas orgánicas,5031
clase,503151,Papayas orgánicas,5031
clase,503152,Maracuyás orgánicas,5031
clase,503153,Duraznos orgánicos,5031
clase,503154,Peras orgánicas,5031
clase,503155,Caquis orgánicos,5031
clase,503156,Piñas orgánicas,5031
clase,503157,Ciruelos Damascos orgánicos,5031
clase,503158,Ciruelas orgánicas,5031
clase,503159,Granadas orgánicas,5031
clase,503160,Pomelos orgánicos,5031
clase,503161,Membrillos orgánicos,5031
clase,503162,Frambuesas orgánicas,5031
clase,503163,Ruibarbos orgánicos,5031
clase,503164,Escaramujos orgánicos,5031
clase,503165,Sapotes orgánicos,5031
clase,503166,Bayas saskatoon orgánicas,5031
clase,503167,Fresas orgánicas,5031
clase,503168,Manzanas dulces orgánicas,5031
clase,503169,Tamarillos orgánicos,5031
clase,503170,Frutas Nominant orgánicas,5031
clase,503171,Aronias orgánicas,5031
clase,503172,Aceitunas orgánicas,5031
clase,503215,Manzanas secas,5032
clase,503216,Albaricoques secos,5032
clase,503217,Bananos secos,5032
clase,503218,Barberries secos,5032
clase,503219,Gayubas secas,5032
clase,503220,Moras secas,5032
clase,503221,Arándanos de mirto secos,5032
clase,503222,Agrás secas,5032
clase,503223,Frutas del pan secas,5032
clase,503224,Chirimoyas secas,5032
clase,503225,Cerezas secas,5032
clase,503226,Citrones secos,5032
clase,503227,Arándanos secos,5032
clase,503228,pasas de Corinto secas,5032
clase,503229,Dátiles secos,5032
clase,503230,Pitahayas secas,5032
clase,503231,Brevas secas,5032
clase,503232,Grosellas secas,5032
clase,503233,Toronjas secas,5032
clase,503234,Uvas de mesa secas,5032
clase,503235,Uvas pasas secas,5032
clase,503236,Uvas para vino secas,5032
clase,503237,Guayabas secas,5032
clase,503238,Arándanos Huckleberry secos,5032
clase,503239,Kiwis secos,5032
clase,503240,Naranjos Chinos (kumquats) secos,5032
clase,503241,Limones secos,5032
clase,503242,Limas secas,5032
clase,503243,Nísperos secos,5032
clase,503244,Mandarinas secas,5032
clase,503245,Mangos secos,5032
clase,503246,Melones secos,5032
clase,503247,Moras mulberry secas,5032
clase,503248,Mirtos secos,5032
clase,503249,Nectarinas secos,5032
clase,503250,Naranjas secas,5032
clase,503251,Papayas secas,5032
clase,503252,Maracuyás secas,5032
clase,503253,Duraznos secos,5032
clase,503254,Peras secas,5032
clase,503255,Caquis secos,5032
clase,503256,Piñas secas,5032
clase,503257,Ciruelos Damascos secos,5032
clase,503258,Ciruelas secas,5032
clase,503259,Granadas secas,5032
clase,503260,Pomelos secos,5032
clase,503261,Membrillos secos,5032
clase,503262,Frambuesas secas,5032
clase,503263,Ruibarbos secos,5032
clase,503264,Escaramujos secos,5032
clase,503265,Sapotes secos,5032
clase,503266,Bayas saskatoon secas,5032
clase,503267,Fresas secas,5032
clase,503268,Manzanas dulces secas,5032
clase,503269,Tamarillos secos,5032
clase,503270,Frutas Nominant secas,5032
clase,503271,Aronias secas,5032
clase,503272,Aceitunas secas,5032
clase,503315,Manzanas orgánicas secas,5033
clase,503316,Albaricoques orgánicos secos,5033
clase,503317,Bananos orgánicos secos,5033
clase,503318,Barberries orgánicos secos,5033
clase,503319,Gayubas orgánicas secas,5033
clase,503320,Moras orgánicas secas,5033
clase,503321,Arándanos de mirto orgánicos secos,5033
clase,503322,Agrás orgánicas secas,5033
clase,503323,Frutas del pan orgánicas secas,5033
clase,503324,Chirimoyas orgánicas secas,5033
clase,503325,Cerezas orgánicas secas,5033
clase,503326,Citrones orgánicos secos,5033
clase,503327,Arándanos orgánicos secos,5033
clase,503328,pasas de Corinto orgánicas secas,5033
clase,503329,Dátiles orgánicos secos,5033
clase,503330,Pitahayas orgánicas secas,5033
clase,503331,Brevas orgánicas secas,5033
clase,503332,Grosellas orgánicas secas,5033
clase,503333,Toronjas orgánicas secas,5033
clase,503334,Uvas de mesa orgánicas secas,5033
clase,503335,Uvas pasas orgánicas secas,5033
clase,503336,Uvas para vino orgánicas secas,5033
clase,503337,Guayabas orgánicas secas,5033
clase,503338,Arándanos Huckleberry orgánicos secos,5033
clase,503339,Kiwis orgánicos secos,5033
clase,503340,Naranjos Chinos (kumquats) orgánicos secos,5033
clase,503341,Limones orgánicos secos,5033
clase,503342,Limas orgánicas secas,5033
clase,503343,Nísperos orgánicos secos,5033
clase,503344,Mandarinas orgánicas secas,5033
clase,503345,Mangos orgánicos secos,5033
clase,503346,Melones orgánicos secos,5033
clase,503347,Moras mulberry orgánicas secas,5033
clase,503348,Mirtos orgánicos secos,5033
clase,503349,Nectarinas orgánicos secos,5033
clase,503350,Naranjas orgánicas secas,5033
clase,503351,Papayas orgánicas secas,5033
clase,503352,Maracuyás orgánicas secas,5033
clase,503353,Duraznos orgánicos secos,5033
clase,503354,Peras orgánicas secas,5033
clase,503355,Caquis orgánicos secos,5033
clase,503356,Piñas orgánicas secas,5033
clase,503357,Ciruelos Damascos orgánicos secos,5033
clase,503358,Ciruelas orgánicas secas,5033
clase,503359,Granadas orgánicas secas,5033
clase,503360,Pomelos orgánicos secos,5033
clase,503361,Membrillos orgánicos secos,5033
clase,503362,Frambuesas orgánicas secas,5033
clase,503363,Ruibarbos orgánicos secos,5033
clase,503364,Escaramujos orgánicos secos,5033
clase,503365,Sapotes orgánicos secos,5033
clase,503366,Bayas saskatoon orgánicas secas,5033
clase,503367,Fresas orgánicas secas,5033
clase,503368,Manzanas dulces orgánicas seca,5033
clase,503369,Tamarillos orgánicos secos,5033
clase,503370,Frutas Nominant orgánicas secas,5033
clase,503371,Aronias orgánicas secas,5033
clase,503372,Aceitunas orgánicas secas,5033
clase,503415,Manzanas congeladas,5034
clase,503416,Albaricoques congelados,5034
clase,503417,Bananos congelados,5034
clase,503418,Barberries congelados,5034
clase,503419,Gayubas congeladas,5034
clase,503420,Moras congeladas,5034
clase,503421,Arándanos de mirto congelados,5034
clase,503422,Agrás congeladas,5034
clase,503423,Frutas del pan congeladas,5034
clase,503424,Chirimoyas congeladas,5034
clase,503425,Cerezas congeladas,5034
clase,503426,Citrones congelados,5034
clase,503427,Arándanos congelados,5034
clase,503428,pasas de Corinto congeladas,5034
clase,503429,Dátiles congelados,5034
clase,503430,Pitahayas congeladas,5034
clase,503431,Brevas congeladas,5034
clase,503432,Grosellas congeladas,5034
clase,503433,Toronjas congeladas,5034
clase,503434,Uvas de mesa congeladas,5034
clase,503435,Uvas pasas congeladas,5034
clase,503436,Uvas para vino congeladas,5034
clase,503437,Guayabas congeladas,5034
clase,503438,Arándanos Huckleberry congelados,5034
clase,503439,Kiwis congelados,5034
clase,503440,Naranjos Chinos (kumquats) congelados,5034
clase,503441,Limones congelados,5034
clase,503442,Limas congeladas,5034
clase,503443,Nísperos congelados,5034
clase,503444,Mandarinas congeladas,5034
clase,503445,Mangos congelados,5034
clase,503446,Melones congelados,5034
clase,503447,Moras mulberry congeladas,5034
clase,503448,Mirtos congelados,5034
clase,503449,Nectarinas congelados,5034
clase,503450,Naranjas congeladas,5034
clase,503451,Papayas congeladas,5034
clase,503452,Maracuyás congeladas,5034
clase,503453,Duraznos congelados,5034
clase,503454,Peras congeladas,5034
clase,503455,Caquis congelados,5034
clase,503456,Piñas congeladas,5034
clase,503457,Ciruelos Damascos congelados,5034
clase,503458,Ciruelas congeladas,5034
clase,503459,Granadas congeladas,5034
clase,503460,Pomelos congelados,5034
clase,503461,Membrillos congelados,5034
clase,503462,Frambuesas congeladas,5034
clase,503463,Ruibarbos congelados,5034
clase,503464,Escaramujos congelados,5034
clase,503465,Sapotes congelados,5034
clase,503466,Bayas saskatoon congeladas,5034
clase,503467,Fresas congeladas,5034
clase,503468,Manzanas dulces congeladas,5034
clase,503469,Tamarillos congelados,5034
clase,503470,Frutas Nominant congeladas,5034
clase,503471,Aronias congeladas,5034
clase,503472,Aceitunas congeladas,5034
clase,503515,Manzanas orgánicas congeladas,5035
clase,503516,Albaricoques orgánicos congelados,5035
clase,503517,Bananos orgánicos congelados,5035
clase,503518,Barberries orgánicos congelados,5035
clase,503519,Gayubas orgánicas congeladas,5035
clase,503520,Moras orgánicas congeladas,5035
clase,503521,Arándanos de mirto orgánicos congelados,5035
clase,503522,Agrás orgánicas congeladas,5035
clase,503523,Frutas del pan orgánicas congeladas,5035
clase,503524,Chirimoyas orgánicas congeladas,5035
clase,503525,Cerezas orgánicas congeladas,5035
clase,503526,Citrones orgánicos congelados,5035
clase,503527,Arándanos orgánicos congelados,5035
clase,503528,pasas de Corinto orgánicas congeladas,5035
clase,503529,Dátiles orgánicos congelados,5035
clase,503530,Pitahayas orgánicas congeladas,5035
clase,503531,Brevas orgánicas congeladas,5035
clase,503532,Grosellas orgánicas congeladas,5035
clase,503533,Toronjas orgánicas congeladas,5035
clase,503534,Uvas de mesa orgánicas congeladas,5035
clase,503535,Uvas pasas orgánicas congeladas,5035
clase,503536,Uvas para vino orgánicas congeladas,5035
clase,503537,Guayabas orgánicas congeladas,5035
clase,503538,Arándanos Huckleberry orgánicos congelados,5035
clase,503539,Kiwis orgánicos congelados,5035
clase,503540,Naranjos Chinos (kumquats) orgánicos congelados,5035
clase,503541,Limones orgánicos congelados,5035
clase,503542,Limas orgánicas congeladas,5035
clase,503543,Nísperos orgánicos congelados,5035
clase,503544,Mandarinas orgánicas congeladas,5035
clase,503545,Mangos orgánicos congelados,5035
clase,503546,Melones orgánicos congelados,5035
clase,503547,Moras mulberry orgánicas congeladas,5035
clase,503548,Mirtos orgánicos congelados,5035
clase,503549,Nectarinas orgánicos congelados,5035
clase,503550,Naranjas orgánicas congeladas,5035
clase,503551,Papayas orgánicas congeladas,5035
clase,503552,Maracuyás orgánicas congeladas,5035
clase,503553,Duraznos orgánicos congelados,5035
clase,503554,Peras orgánicas congeladas,5035
clase,503555,Caquis orgánicos congelados,5035
clase,503556,Piñas orgánicas congeladas,5035
clase,503557,Ciruelos Damascos orgánicos congelados,5035
clase,503558,Ciruelas orgánicas congeladas,5035
clase,503559,Granadas orgánicas congeladas,5035
clase,503560,Pomelos orgánicos congelados,5035
clase,503561,Membrillos orgánicos congelados,5035
clase,503562,Frambuesas orgánicas congeladas,5035
clase,503563,Ruibarbos orgánicos congelados,5035
clase,503564,Escaramujos orgánicos congelados,5035
clase,503565,Sapotes orgánicos congelados,5035
clase,503566,Bayas saskatoon orgánicas congeladas,5035
clase,503567,Fresas orgánicas congeladas,5035
clase,503568,Manzanas dulces orgánicas congeladas,5035
clase,503569,Tamarillos orgánicos congelados,5035
clase,503570,Frutas Nominant orgánicas congeladas,5035
clase,503571,Aronias orgánicas congeladas,5035
clase,503572,Aceitunas orgánicas congeladas,5035
clase,503615,Manzanas en lata o en frasco,5036
clase,503616,Albaricoques en lata o en frasco,5036
clase,503617,Bananos en lata o en frasco,5036
clase,503618,Barberries en lata o en frasco,5036
clase,503619,Gayubas en lata o en frasco,5036
clase,503620,Moras en lata o en frasco,5036
clase,503621,Arándanos de mirto en lata o en frasco,5036
clase,503622,Agrás en lata o en frasco,5036
clase,503623,Frutas del pan en lata o en frasco,5036
clase,503624,Chirimoyas en lata o en frasco,5036
clase,503625,Cerezas en lata o en frasco,5036
clase,503626,Citrones en lata o en frasco,5036
clase,503627,Arándanos en lata o en frasco,5036
clase,503628,pasas de Corinto en lata o en frasco,5036
clase,503629,Dátiles en lata o en frasco,5036
clase,503630,Pitahayas en lata o en frasco,5036
clase,503631,Brevas en lata o en frasco,5036
clase,503632,Grosellas en lata o en frasco,5036
clase,503633,Toronjas en lata o en frasco,5036
clase,503634,Uvas de mesa en lata o en frasco,5036
clase,503635,Uvas pasas en lata o en frasco,5036
clase,503636,Uvas para vino en lata o en frasco,5036
clase,503637,Guayabas en lata o en frasco,5036
clase,503638,Arándanos Huckleberry en lata o en frasco,5036
clase,503639,Kiwis en lata o en frasco,5036
clase,503640,Naranjos Chinos (kumquats) en lata o en frasco,5036
clase,503641,Limones en lata o en frasco,5036
clase,503642,Limas en lata o en frasco,5036
clase,503643,Nísperos en lata o en frasco,5036
clase,503644,Mandarinas en lata o en frasco,5036
clase,503645,Mangos en lata o en frasco,5036
clase,503646,Melones en lata o en frasco,5036
clase,503647,Moras mulberry en lata o en frasco,5036
clase,503648,Mirtos en lata o en frasco,5036
clase,503649,Nectarinas en lata o en frasco,5036
clase,503650,Naranjas en lata o en frasco,5036
clase,503651,Papayas en lata o en frasco,5036
clase,503652,Maracuyás en lata o en frasco,5036
clase,503653,Duraznos en lata o en frasco,5036
clase,503654,Peras en lata o en frasco,5036
clase,503655,Caquis en lata o en frasco,5036
clase,503656,Piñas en lata o en frasco,5036
clase,503657,Ciruelos Damascos en lata o en frasco,5036
clase,503658,Ciruelas en lata o en frasco,5036
clase,503659,Granadas en lata o en frasco,5036
clase,503660,Pomelos en lata o en frasco,5036
clase,503661,Membrillos en lata o en frasco,5036
clase,503662,Frambuesas en lata o en frasco,5036
clase,503663,Ruibarbos en lata o en frasco,5036
clase,503664,Escaramujos en lata o en frasco,5036
clase,503665,Sapotes en lata o en frasco,5036
clase,503666,Bayas saskatoon en lata o en frasco,5036
clase,503667,Fresas en lata o en frasco,5036
clase,503668,Manzanas dulces en lata o en frasco,5036
clase,503669,Tamarillos en lata o en frasco,5036
clase,503670,Frutas Nominant en lata o en frasco,5036
clase,503671,Aronias en lata o en frasco,5036
clase,503672,Aceitunas en lata o en frasco,5036
clase,503715,Manzanas orgánicas en lata o en frasco,5037
clase,503716,Albaricoques orgánicos en lata o en frasco,5037
clase,503717,Bananos orgánicos en lata o en frasco,5037
clase,503718,Barberries orgánicos en lata o en frasco,5037
clase,503719,Gayubas orgánicas en lata o en frasco,5037
clase,503720,Moras orgánicas en lata o en frasco,5037
clase,503721,Arándanos de mirto orgánicos en lata o en frasco,5037
clase,503722,Agrás orgánicas en lata o en frasco,5037
clase,503723,Frutas del pan orgánicas en lata o en frasco,5037
clase,503724,Chirimoyas orgánicas en lata o en frasco,5037
clase,503725,Cerezas orgánicas en lata o en frasco,5037
clase,503726,Citrones orgánicos en lata o en frasco,5037
clase,503727,Arándanos orgánicos en lata o en frasco,5037
clase,503728,pasas de Corinto orgánicas en lata o en frasco,5037
clase,503729,Dátiles orgánicos en lata o en frasco,5037
clase,503730,Pitahayas orgánicas en lata o en frasco,5037
clase,503731,Brevas orgánicas en lata o en frasco,5037
clase,503732,Grosellas orgánicas en lata o en frasco,5037
clase,503733,Toronjas orgánicas en lata o en frasco,5037
clase,503734,Uvas de mesa orgánicas en lata o en frasco,5037
clase,503735,Uvas pasas orgánicas en lata o en frasco,5037
clase,503736,Uvas para vino orgánicas en lata o en frasco,5037
clase,503737,Guayabas orgánicas en lata o en frasco,5037
clase,503738,Arándanos Huckleberry orgánicos en lata o en frasco,5037
clase,503739,Kiwis orgánicos en lata o en frasco,5037
clase,503740,Naranjos Chinos (kumquats) orgánicos en lata o en frasco,5037
clase,503741,Limones orgánicos en lata o en frasco,5037
clase,503742,Limas orgánicas en lata o en frasco,5037
clase,503743,Nísperos orgánicos en lata o en frasco,5037
clase,503744,Mandarinas orgánicas en lata o en frasco,5037
clase,503745,Mangos orgánicos en lata o en frasco,5037
clase,503746,Melones orgánicos en lata o en frasco,5037
clase,503747,Moras mulberry orgánicas en lata o en frasco,5037
clase,503748,Mirtos orgánicos en lata o en frasco,5037
clase,503749,Nectarinas orgánicos en lata o en frasco,5037
clase,503750,Naranjas orgánicas en lata o en frasco,5037
clase,503751,Papayas orgánicas en lata o en frasco,5037
clase,503752,Maracuyás orgánicas en lata o en frasco,5037
clase,503753,Duraznos orgánicos en lata o en frasco,5037
clase,503754,Peras orgánicas en lata o en frasco,5037
clase,503755,Caquis orgánicos en lata o en frasco,5037
clase,503756,Piñas orgánicas en lata o en frasco,5037
clase,503757,Ciruelos Damascos orgánicos en lata o en frasco,5037
clase,503758,Ciruelas orgánicas en lata o en frasco,5037
clase,503759,Granadas orgánicas en lata o en frasco,5037
clase,503760,Pomelos orgánicos en lata o en frasco,5037
clase,503761,Membrillos orgánicos en lata o en frasco,5037
clase,503762,Frambuesas orgánicas en lata o en frasco,5037
clase,503763,Ruibarbos orgánicos en lata o en frasco,5037
clase,503764,Escaramujos orgánicos en lata o en frasco,5037
clase,503765,Sapotes orgánicos en lata o en frasco,5037
clase,503766,Bayas saskatoon orgánicas en lata o en frasco,5037
clase,503767,Fresas orgánicas en lata o en frasco,5037
clase,503768,Manzanas dulces orgánicas en lata o en frasco,5037
clase,503769,Tamarillos orgánicos en lata o en frasco,5037
clase,503770,Frutas Nominant orgánicas en lata o en frasco,5037
clase,503771,Aronias orgánicas en lata o en frasco,5037
clase,503772,Aceitunas orgánicas en lata o en frasco,5037
clase,503815,Purés de cítricos,5038
clase,503816,Purés de bayas,5038
clase,503817,Purés de frutas tropicales,5038
clase,503818,Purés de melón,5038
clase,504015,Alcachofas,5040
clase,504016,Espárragos,5040
clase,504017,Aguacates,5040
clase,504018,Fríjoles,5040
clase,504019,Remolachas,5040
clase,504020,Brócolis,5040
clase,504021,Repollitos de Bruselas,5040
clase,504022,Cebollas de ensalada,5040
clase,504023,Repollos,5040
clase,504024,Cardos,5040
clase,504025,Zanahorias,5040
clase,504026,Coliflores,5040
clase,504027,Apios,5040
clase,504028,Acelgas,5040
clase,504029,Achicorias,5040
clase,504030,Repollos chinos,5040
clase,504031,Cebollines,5040
clase,504032,Maíces,5040
clase,504033,Berros,5040
clase,504034,Cocombros,5040
clase,504035,Berenjenas,5040
clase,504036,Endivias,5040
clase,504037,Hinojos,5040
clase,504038,Ajos,5040
clase,504039,Calabazas,5040
clase,504040,Guisantes,5040
clase,504041,Hierbas,5040
clase,504042,Coles,5040
clase,504043,Colinabos,5040
clase,504044,Puerros,5040
clase,504045,Lentejas,5040
clase,504046,Lechugas,5040
clase,504047,Ñames,5040
clase,504048,Hongos o champiñones,5040
clase,504049,Mostazas,5040
clase,504051,Solanáceas (nightshades),5040
clase,504052,Okras,5040
clase,504053,Cebollas,5040
clase,504054,Alverjas,5040
clase,504055,Maníes,5040
clase,504056,Pimientos,5040
clase,504057,Papas,5040
clase,504058,Nabos suecos,5040
clase,504059,Vegetales marinos,5040
clase,504060,Chalotes,5040
clase,504061,Alazanes,5040
clase,504062,Espinacas,5040
clase,504063,Calabazas,5040
clase,504064,Batatas,5040
clase,504065,Tomates,5040
clase,504066,Nabos,5040
clase,504067,Auyamas,5040
clase,504068,Ñames,5040
clase,504070,Vegetales Nominant,5040
clase,504071,Alverjas dulces,5040
clase,504072,Tubérculos,5040
clase,504115,Alcachofas orgánicas,5041
clase,504116,Espárragos orgánicos,5041
clase,504117,Aguacates orgánicos,5041
clase,504118,Fríjoles orgánicos,5041
clase,504119,Remolachas orgánicas,5041
clase,504120,Brócolis orgánicas,5041
clase,504121,Repollitos de Bruselas orgánicas,5041
clase,504122,Cebollas de ensalada orgánicas,5041
clase,504123,Repollos orgánicos,5041
clase,504124,Cardos orgánicos,5041
clase,504125,Zanahorias orgánicas,5041
clase,504126,Coliflores orgánicas,5041
clase,504127,Apios orgánicos,5041
clase,504128,Acelgas orgánicas,5041
clase,504129,Achicorias  orgánicas,5041
clase,504130,Repollos chinos orgánicos,5041
clase,504131,Cebollines orgánicos,5041
clase,504132,Berros  orgánicos,5041
clase,504133,Cocombros  orgánicos,5041
clase,504134,Berenjenas  orgánicas,5041
clase,504135,Endivias  orgánicas,5041
clase,504136,Hinojos  orgánicos,5041
clase,504137,Ajos  orgánicos,5041
clase,504138,Calabazas orgánicas,5041
clase,504139,Guisantes orgánicos,5041
clase,504140,Hierbas orgánicas,5041
clase,504141,Coles  orgánicos,5041
clase,504142,Colinabos orgánicos,5041
clase,504143,Puerros orgánicos,5041
clase,504144,Lentejas  orgánicas,5041
clase,504145,Lechugas  orgánicas,5041
clase,504146,Ñames orgánicos,5041
clase,504147,Hongos o champiñones  orgánicos,5041
clase,504148,Mostazas  orgánicas,5041
clase,504150,Solanáceas (nightshades)  orgánicas,5041
clase,504151,Okras  orgánicas,5041
clase,504152,Cebollas  orgánicas,5041
clase,504153,Maníes orgánicos,5041
clase,504154,Alverjas Orgánicas,5041
clase,504155,Pimientos orgánicos,5041
clase,504156,Papas  orgánicas,5041
clase,504157,Nabos suecos orgánicos,5041
clase,504158,Vegetales marinos orgánicos,5041
clase,504159,Chalotes orgánicos,5041
clase,504160,Alazanes orgánicos,5041
clase,504161,Espinacas  orgánicas,5041
clase,504162,Calabazas orgánicas,5041
clase,504163,Batatas orgánicas,5041
clase,504164,Tomates orgánicos,5041
clase,504165,Nabos orgánicos,5041
clase,504166,Auyamas orgánicas,5041
clase,504167,Maíces Orgánicos,5041
clase,504168,Ñames orgánicos,5041
clase,504170,Vegetales Nominant,5041
clase,504171,Alverjas dulces orgánicas,5041
clase,504215,Alcachofas Secas,5042
clase,504216,Espárragos Secos,5042
clase,504217,Aguacates Secos,5042
clase,504218,Fríjoles Secos,5042
clase,504219,Remolachas  Secas,5042
clase,504220,Brócolis  Secas,5042
clase,504221,Repollitos de Bruselas  Secas,5042
clase,504222,Cebollas de ensalada  Secas,5042
clase,504223,Repollos Secos,5042
clase,504224,Cardos Secos,5042
clase,504225,Zanahorias  Secas,5042
clase,504226,Coliflores  Secas,5042
clase,504227,Apios Secos,5042
clase,504228,Acelgas  Secas,5042
clase,504229,Achicorias Secas,5042
clase,504230,Repollos chinos secos,5042
clase,504231,Cebollines Secos,5042
clase,504232,Maíces Secos,5042
clase,504233,Berros  Secos,5042
clase,504234,Cocombros secos,5042
clase,504235,Berenjenas Secas,5042
clase,504236,Endivias Secas,5042
clase,504237,Hinojos Secos,5042
clase,504238,Ajos Secos,5042
clase,504239,Calabazas Secas,5042
clase,504240,Guisantes Secas,5042
clase,504241,Hierbas Secas,5042
clase,504242,Coles Secas,5042
clase,504243,Colinabos Secos,5042
clase,504244,Puerros Secos,5042
clase,504245,Lentejas  Secas,5042
clase,504246,Lechugas Secas,5042
clase,504247,Ñames Secos,5042
clase,504248,Hongos o champiñones Secos,5042
clase,504249,Mostazas Secas,5042
clase,504250,Solanáceas (nightshades) Secas,5042
clase,504251,Okras Secas,5042
clase,504252,Cebollas Secas,5042
clase,504253,Maníes Secos,5042
clase,504254,Alverjas Secas,5042
clase,504255,Pimientos Secos,5042
clase,504256,Papas Secas,5042
clase,504257,Nabos suecos secos,5042
clase,504258,Vegetales marinos Secos,5042
clase,504259,Chalotes Secos,5042
clase,504260,Alazanes Secos,5042
clase,504261,Espinacas Secas,5042
clase,504262,Calabazas Secas,5042
clase,504263,Batatas Secas,5042
clase,504264,Tomates Secos,5042
clase,504265,Nabos Secos,5042
clase,504266,Auyamas Secas,5042
clase,504267,Ñames Secos,5042
clase,504268,Vegetales Nominant Secos,5042
clase,504269,Alverjas dulces Secas,5042
clase,504315,Alcachofas orgánicas secas,5043
clase,504316,Espárragos orgánicos secos,5043
clase,504317,Aguacates orgánicos secos,5043
clase,504318,Fríjoles orgánicos secos,5043
clase,504319,Remolachas  orgánicas secas,5043
clase,504320,Brócolis  orgánicas secas,5043
clase,504321,Repollitos de Bruselas  orgánicas secas,5043
clase,504322,Cebollas de ensalada  orgánicas secas,5043
clase,504323,Repollos orgánicos secos,5043
clase,504324,Cardos orgánicos secos,5043
clase,504325,Zanahorias  orgánicas secas,5043
clase,504326,Coliflores  orgánicas secas,5043
clase,504327,Apios orgánicos secos,5043
clase,504328,Acelgas  orgánicas secas,5043
clase,504329,Achicorias orgánicas secas,5043
clase,504330,Repollos chinos orgánicos secos,5043
clase,504331,Cebollines orgánicos secos,5043
clase,504332,Maíces orgánicos secos,5043
clase,504333,Berros  orgánicos secos,5043
clase,504334,Cocombros orgánicos secos,5043
clase,504335,Berenjenas orgánicas secas,5043
clase,504336,Endivias orgánicas secas,5043
clase,504337,Hinojos orgánicos secos,5043
clase,504338,Ajos orgánicos secos,5043
clase,504339,Calabazas orgánicas secas,5043
clase,504340,Guisantes orgánicas secas,5043
clase,504341,Hierbas orgánicas secas,5043
clase,504342,Coles orgánicas secas,5043
clase,504343,Colinabos orgánicos secos,5043
clase,504344,Puerros orgánicos secos,5043
clase,504345,Lentejas  orgánicas secas,5043
clase,504346,Lechugas orgánicas secas,5043
clase,504347,Ñames orgánicos secos,5043
clase,504348,Hongos o champiñones orgánicos secos,5043
clase,504349,Mostazas orgánicas secas,5043
clase,504350,Solanáceas (nightshades) orgánicas secas,5043
clase,504351,Okras orgánicas secas,5043
clase,504352,Cebollas orgánicas secas,5043
clase,504353,Maníes orgánicos secos,5043
clase,504354,Alverjas orgánicas secas,5043
clase,504355,Pimientos orgánicos secos,5043
clase,504356,Papas orgánicas secas,5043
clase,504357,Nabos suecos orgánicos secos,5043
clase,504358,Vegetales marinos orgánicos secos,5043
clase,504359,Chalotes orgánicos secos,5043
clase,504360,Alazanes orgánicos secos,5043
clase,504361,Espinacas orgánicas secas,5043
clase,504362,Calabazas orgánicas secas,5043
clase,504363,Batatas orgánicas secas,5043
clase,504364,Tomates orgánicos secos,5043
clase,504365,Nabos orgánicos secos,5043
clase,504366,Auyamas orgánicas secas,5043
clase,504367,Ñames orgánicos secos,5043
clase,504368,Vegetales Nominant orgánicos secos,5043
clase,504369,Alverjas dulces orgánicas secas,5043
clase,504415,Alcachofas congeladas,5044
clase,504416,Espárragos congelados,5044
clase,504417,Aguacates congelados,5044
clase,504418,Fríjoles congelados,5044
clase,504419,Remolachas  congeladas,5044
clase,504420,Brócolis  congeladas,5044
clase,504421,Repollitos de Bruselas  congeladas,5044
clase,504422,Cebollas de ensalada  congeladas,5044
clase,504423,Repollos congelados,5044
clase,504424,Cardos congelados,5044
clase,504425,Zanahorias  congeladas,5044
clase,504426,Coliflores  congeladas,5044
clase,504427,Apios congelados,5044
clase,504428,Acelgas  congeladas,5044
clase,504429,Achicorias congeladas,5044
clase,504430,Repollos chinos congelados,5044
clase,504431,Cebollines congelados,5044
clase,504432,Maíces congelados,5044
clase,504433,Berros  congelados,5044
clase,504434,Cocombros congelados,5044
clase,504435,Berenjenas congeladas,5044
clase,504436,Endivias congeladas,5044
clase,504437,Hinojos congelados,5044
clase,504438,Ajos congelados,5044
clase,504439,Calabazas congeladas,5044
clase,504440,Guisantes congeladas,5044
clase,504441,Hierbas congeladas,5044
clase,504442,Coles congeladas,5044
clase,504443,Colinabos congelados,5044
clase,504444,Puerros congelados,5044
clase,504445,Lentejas  congeladas,5044
clase,504446,Lechugas congeladas,5044
clase,504447,Ñames congelados,5044
clase,504448,Hongos o champiñones congelados,5044
clase,504449,Mostazas congeladas,5044
clase,504450,Solanáceas (nightshades) congeladas,5044
clase,504451,Okras congeladas,5044
clase,504452,Cebollas congeladas,5044
clase,504453,Maníes congelados,5044
clase,504454,Alverjas congeladas,5044
clase,504455,Pimientos congelados,5044
clase,504456,Papas congeladas,5044
clase,504457,Nabos suecos congelados,5044
clase,504458,Vegetales marinos congelados,5044
clase,504459,Chalotes congelados,5044
clase,504460,Alazanes congelados,5044
clase,504461,Espinacas congeladas,5044
clase,504462,Calabazas congeladas,5044
clase,504463,Batatas congeladas,5044
clase,504464,Tomates congelados,5044
clase,504465,Nabos congelados,5044
clase,504466,Auyamas congeladas,5044
clase,504467,Ñames congelados,5044
clase,504468,Vegetales Nominant congelados,5044
clase,504469,Alverjas dulces congeladas,5044
clase,504515,Alcachofas orgánicas congeladas,5045
clase,504516,Espárragos orgánicos congelados,5045
clase,504517,Aguacates orgánicos congelados,5045
clase,504518,Fríjoles orgánicos congelados,5045
clase,504519,Remolachas  orgánicas congeladas,5045
clase,504520,Brócolis  orgánicas congeladas,5045
clase,504521,Repollitos de Bruselas  orgánicas congeladas,5045
clase,504522,Cebollas de ensalada  orgánicas congeladas,5045
clase,504523,Repollos orgánicos congelados,5045
clase,504524,Cardos orgánicos congelados,5045
clase,504525,Zanahorias  orgánicas congeladas,5045
clase,504526,Coliflores  orgánicas congeladas,5045
clase,504527,Apios orgánicos congelados,5045
clase,504528,Acelgas  orgánicas congeladas,5045
clase,504529,Achicorias orgánicas congeladas,5045
clase,504530,Repollos chinos orgánicos congelados,5045
clase,504531,Cebollines orgánicos congelados,5045
clase,504532,Maíces orgánicos congelados,5045
clase,504533,Berros  orgánicos congelados,5045
clase,504534,Cocombros orgánicos congelados,5045
clase,504535,Berenjenas orgánicas congeladas,5045
clase,504536,Endivias orgánicas congeladas,5045
clase,504537,Hinojos orgánicos congelados,5045
clase,504538,Ajos orgánicos congelados,5045
clase,504539,Calabazas orgánicas congeladas,5045
clase,504540,Guisantes orgánicas congeladas,5045
clase,504541,Hierbas orgánicas congeladas,5045
clase,504542,Coles orgánicas congeladas,5045
clase,504543,Colinabos orgánicos congelados,5045
clase,504544,Puerros orgánicos congelados,5045
clase,504545,Lentejas  orgánicas congeladas,5045
clase,504546,Lechugas orgánicas congeladas,5045
clase,504547,Ñames orgánicos congelados,5045
clase,504548,Hongos o champiñones orgánicos congelados,5045
clase,504549,Mostazas orgánicas congeladas,5045
clase,504550,Solanáceas (nightshades) orgánicas congeladas,5045
clase,504551,Okras orgánicas congeladas,5045
clase,504552,Cebollas orgánicas congeladas,5045
clase,504553,Maníes orgánicos congelados,5045
clase,504554,Alverjas orgánicas congeladas,5045
clase,504555,Pimientos orgánicos congelados,5045
clase,504556,Papas orgánicas congeladas,5045
clase,504557,Nabos suecos orgánicos congelados,5045
clase,504558,Vegetales marinos orgánicos congelados,5045
clase,504559,Chalotes orgánicos congelados,5045
clase,504560,Alazanes orgánicos congelados,5045
clase,504561,Espinacas orgánicas congeladas,5045
clase,504562,Calabazas orgánicas congeladas,5045
clase,504563,Batatas orgánicas congeladas,5045
clase,504564,Tomates orgánicos congelados,5045
clase,504565,Nabos orgánicos congelados,5045
clase,504566,Auyamas orgánicas congeladas,5045
clase,504567,Ñames orgánicos congelados,5045
clase,504568,Vegetales Nominant orgánicos congelados,5045
clase,504569,Alverjas dulces orgánicas congeladas,5045
clase,504615,Alcachofas en lata o en frasco,5046
clase,504616,Espárragos en lata o en frasco,5046
clase,504617,Aguacates en lata o en frasco,5046
clase,504618,Fríjoles en lata o en frasco,5046
clase,504619,Remolachas  en lata o en frasco,5046
clase,504620,Brócolis  en lata o en frasco,5046
clase,504621,Repollitos de Bruselas  en lata o en frasco,5046
clase,504622,Cebollas de ensalada  en lata o en frasco,5046
clase,504623,Repollos en lata o en frasco,5046
clase,504624,Cardos en lata o en frasco,5046
clase,504625,Zanahorias  en lata o en frasco,5046
clase,504626,Coliflores  en lata o en frasco,5046
clase,504627,Apios en lata o en frasco,5046
clase,504628,Acelgas  en lata o en frasco,5046
clase,504629,Achicorias en lata o en frasco,5046
clase,504630,Repollos chinos en lata o en frasco,5046
clase,504631,Cebollines en lata o en frasco,5046
clase,504632,Maíces en lata o en frasco,5046
clase,504633,Berros  en lata o en frasco,5046
clase,504634,Cocombros en lata o en frasco,5046
clase,504635,Berenjenas en lata o en frasco,5046
clase,504636,Endivias en lata o en frasco,5046
clase,504637,Hinojos en lata o en frasco,5046
clase,504638,Ajos en lata o en frasco,5046
clase,504639,Calabazas en lata o en frasco,5046
clase,504640,Guisantes en lata o en frasco,5046
clase,504641,Hierbas en lata o en frasco,5046
clase,504642,Coles en lata o en frasco,5046
clase,504643,Colinabos en lata o en frasco,5046
clase,504644,Puerros en lata o en frasco,5046
clase,504645,Lentejas  en lata o en frasco,5046
clase,504646,Lechugas en lata o en frasco,5046
clase,504647,Ñames en lata o en frasco,5046
clase,504648,Hongos o champiñones en lata o en frasco,5046
clase,504649,Mostazas en lata o en frasco,5046
clase,504650,Solanáceas (nightshades) en lata o en frasco,5046
clase,504651,Okras en lata o en frasco,5046
clase,504652,Cebollas en lata o en frasco,5046
clase,504653,Maníes en lata o en frasco,5046
clase,504654,Alverjas en lata o en frasco,5046
clase,504655,Pimientos en lata o en frasco,5046
clase,504656,Papas en lata o en frasco,5046
clase,504657,Nabos suecos en lata o en frasco,5046
clase,504658,Vegetales marinos en lata o en frasco,5046
clase,504659,Chalotes en lata o en frasco,5046
clase,504660,Alazanes en lata o en frasco,5046
clase,504661,Espinacas en lata o en frasco,5046
clase,504662,Calabazas en lata o en frasco,5046
clase,504663,Batatas en lata o en frasco,5046
clase,504664,Tomates en lata o en frasco,5046
clase,504665,Nabos en lata o en frasco,5046
clase,504666,Auyamas en lata o en frasco,5046
clase,504667,Ñames en lata o en frasco,5046
clase,504668,Vegetales Nominant en lata o en frasco,5046
clase,504669,Alverjas dulces en lata o en frasco,5046
clase,504670,Kimchis dulces en lata o en frasco,5046
clase,504715,Alcachofas orgánicas en lata o en frasco,5047
clase,504716,Espárragos orgánicos en lata o en frasco,5047
clase,504717,Aguacates orgánicos en lata o en frasco,5047
clase,504718,Fríjoles orgánicos en lata o en frasco,5047
clase,504719,Remolachas  orgánicas en lata o en frasco,5047
clase,504720,Brócolis  orgánicas en lata o en frasco,5047
clase,504721,Repollitos de Bruselas  orgánicas en lata o en frasco,5047
clase,504722,Cebollas de ensalada  orgánicas en lata o en frasco,5047
clase,504723,Repollos orgánicos en lata o en frasco,5047
clase,504724,Cardos orgánicos en lata o en frasco,5047
clase,504725,Zanahorias  orgánicas en lata o en frasco,5047
clase,504726,Coliflores  orgánicas en lata o en frasco,5047
clase,504727,Apios orgánicos en lata o en frasco,5047
clase,504728,Acelgas  orgánicas en lata o en frasco,5047
clase,504729,Achicorias orgánicas en lata o en frasco,5047
clase,504730,Repollos chinos orgánicos en lata o en frasco,5047
clase,504731,Cebollines orgánicos en lata o en frasco,5047
clase,504732,Maíces orgánicos en lata o en frasco,5047
clase,504733,Berros  orgánicos en lata o en frasco,5047
clase,504734,Cocombros orgánicos en lata o en frasco,5047
clase,504735,Berenjenas orgánicas en lata o en frasco,5047
clase,504736,Endivias orgánicas en lata o en frasco,5047
clase,504737,Hinojos orgánicos en lata o en frasco,5047
clase,504738,Ajos orgánicos en lata o en frasco,5047
clase,504739,Calabazas orgánicas en lata o en frasco,5047
clase,504740,Guisantes orgánicas en lata o en frasco,5047
clase,504741,Hierbas orgánicas en lata o en frasco,5047
clase,504742,Coles orgánicas en lata o en frasco,5047
clase,504743,Colinabos orgánicos en lata o en frasco,5047
clase,504744,Puerros orgánicos en lata o en frasco,5047
clase,504745,Lentejas  orgánicas en lata o en frasco,5047
clase,504746,Lechugas orgánicas en lata o en frasco,5047
clase,504747,Ñames orgánicos en lata o en frasco,5047
clase,504748,Hongos o champiñones orgánicos en lata o en frasco,5047
clase,504749,Mostazas orgánicas en lata o en frasco,5047
clase,504750,Solanáceas (nightshades) orgánicas en lata o en frasco,5047
clase,504751,Okras orgánicas en lata o en frasco,5047
clase,504752,Cebollas orgánicas en lata o en frasco,5047
clase,504753,Maníes orgánicos en lata o en frasco,5047
clase,504754,Alverjas orgánicas en lata o en frasco,5047
clase,504755,Pimientos orgánicos en lata o en frasco,5047
clase,504756,Papas orgánicas en lata o en frasco,5047
clase,504757,Nabos suecos orgánicos en lata o en frasco,5047
clase,504758,Vegetales marinos orgánicos en lata o en frasco,5047
clase,504759,Chalotes orgánicos en lata o en frasco,5047
clase,504760,Alazanes orgánicos en lata o en frasco,5047
clase,504761,Espinacas orgánicas en lata o en frasco,5047
clase,504762,Calabazas orgánicas en lata o en frasco,5047
clase,504763,Batatas orgánicas en lata o en frasco,5047
clase,504764,Tomates orgánicos en lata o en frasco,5047
clase,504765,Nabos orgánicos en lata o en frasco,5047
clase,504766,Auyamas orgánicas en lata o en frasco,5047
clase,504767,Ñames orgánicos en lata o en frasco,5047
clase,504768,Vegetales Nominant orgánicos en lata o en frasco,5047
clase,504769,Alverjas dulces orgánicas en lata o en frasco,5047
clase,511015,Antibióticos,5110
clase,511016,"Amebicidas, Tricomonacidas y Antiprotozoarios",5110
clase,511017,Antihelmínticos y otros antiparasitarios,5110
clase,511018,Fungicidas,5110
clase,511019,Medicamentos contra la malaria,5110
clase,511020,Medicamentos antituberculosos,5110
clase,511021,Leprostáticos,5110
clase,511022,Antiinfecciosos y analgésicos urinarios,5110
clase,511023,Medicamentos antivirales,5110
clase,511024,Oftálmico,5110
clase,511025,Antihelmínticos veterinarios,5110
clase,511026,Antibióticos veterinarios,5110
clase,511027,Antisépticos,5110
clase,511115,Agentes Alquilante,5111
clase,511116,Antimetabolitos,5111
clase,511117,Antibióticos antineoplásicos,5111
clase,511118,Hormonas y antihormonas,5111
clase,511119,Productos antitumorales naturales,5111
clase,511215,Agentes antiarritmia,5112
clase,511216,Medicamentos antiangina,5112
clase,511217,Medicamentos antihipertensivos,5112
clase,511218,Agentes antihiperlipidémicos/hipocolesterolémicos,5112
clase,511219,Medicamentos usados para insuficiencia cardíaca congestiva,5112
clase,511221,Vasodilatadores,5112
clase,511222,Fármacos contra la hipotensión,5112
clase,511223,Agentes cardiopléjicos,5112
clase,511315,Medicamentos antianémicos,5113
clase,511316,Anticoagulantes,5113
clase,511317,Trombolíticos/inhibidores de agregación de plaquetas,5113
clase,511318,Agentes hemostáticos sistémicos y coagulantes,5113
clase,511319,Sustitutos de plasma sanguíneo y extensores y expansores,5113
clase,511320,Agentes hemorreológicos,5113
clase,511415,Anticonvulsivos,5114
clase,511416,Antidepresivos,5114
clase,511417,Agentes antipsicóticos,5114
clase,511418,Hipnóticos,5114
clase,511419,Tranquilizantes y fármacos ansiolíticos y antimaniacos,5114
clase,511420,Analgésicos no narcóticos/antipiréticos,5114
clase,511421,Fármacos antiinflamatorios no esteroideos (NSAID),5114
clase,511422,Analgésicos narcóticos,5114
clase,511423,Antagonistas narcóticos,5114
clase,511424,Medicamentos para dolores de cabeza vasculares y migraña,5114
clase,511425,Medicamentos contra el Parkinson,5114
clase,511426,Estimulantes/anoréxicos,5114
clase,511427,Fármacos antiinflamatorios no esteroideos veterinarios (VNSAID),5114
clase,511428,Fármacos de tratamiento de la esclerosis lateral amiotrófica (ELA),5114
clase,511429,"Fármacos anestésicos, complementos relacionados y analépticos",5114
clase,511515,Colinérgicos y inhibidores de la colinesterasa,5115
clase,511516,Agentes bloqueadores colinérgicos,5115
clase,511517,Simpatomiméticos (adrenérgicos),5115
clase,511518,Agentes bloqueadores adrenérgicos,5115
clase,511519,Relajantes músculo-esqueléticos de acción centrada,5115
clase,511520,Agentes bloqueadores neuromusculares,5115
clase,511615,Antiasmáticos,5116
clase,511616,Antihistamínicos (bloqueadores H1),5116
clase,511617,Medicamentos para alteraciones del tracto respiratorio,5116
clase,511618,"Productos para tos, resfriados y antialérgicos",5116
clase,511619,Descongestionantes nasales,5116
clase,511715,Antiácidos y antiflatulentos,5117
clase,511716,Laxantes,5117
clase,511717,Antidiarréicos,5117
clase,511718,"Agentes antivértigo, antinauseantes y antieméticos",5117
clase,511719,Fármacos antiúlcera y otros fármacos gastrointestinales (GI) relacionados,5117
clase,511720,Medicamentos para enfermedades de la vesícula biliar,5117
clase,511721,Antiespasmódicos,5117
clase,511815,Agentes antidiabéticos y agentes hiperglicémicos,5118
clase,511816,Medicamentos tiroideas y antitiroideas,5118
clase,511817,Corticosteroides,5118
clase,511818,"Estrógenos, progesteronas y anticonceptivos internos",5118
clase,511819,Hormonas gonadotrópicas y estimulantes e inhibidores ováricos,5118
clase,511820,Andrógenos e inhibidores androgénicos,5118
clase,511821,Hormonas de la pituitaria posterior,5118
clase,511822,Medicamentos para la inducción del parto,5118
clase,511823,Hormonas del crecimiento y sus inhibidores,5118
clase,511824,Sales de calcio y reguladores del calcio,5118
clase,511915,Diuréticos,5119
clase,511916,Electrolitos,5119
clase,511917,Agentes alcalinizadores,5119
clase,511918,Sales de potasio,5119
clase,511919,Suplementos dietéticos y productos de terapia alimenticia,5119
clase,512015,Inmunodepresores,5120
clase,512016,"Vacunas, antígenos y toxoides",5120
clase,512017,Vacunas aviares,5120
clase,512018,Agentes inmunoestimulantes,5120
clase,512019,Agentes de la esclerosis múltiple (EM),5120
clase,512115,Medicamentos antigota,5121
clase,512116,Antídotos y eméticos,5121
clase,512119,Fármacos anestésicos veterinarios,5121
clase,512120,Fármacos herbales,5121
clase,512121,Fármacos dentales,5121
clase,512122,Fármacos contra las adicciones,5121
clase,512123,Radiofármacos y agentes de diagnóstico,5121
clase,512124,Fármacos para tratar la disfunción sexual,5121
clase,512125,Medio de contraste para imágenes médicas,5121
clase,512410,Preparados aurales,5124
clase,512411,Agentes oftálmicos,5124
clase,512412,Agentes dermatológicos,5124
clase,512413,Astringentes,5124
clase,512510,Metabolitos,5125
clase,521015,Alfombras y felpudos,5210
clase,521215,Ropa de cama,5212
clase,521216,Mantelerías de cocina y mesa y accesorios,5212
clase,521217,Toallas,5212
clase,521315,Cortinas y ropaje,5213
clase,521316,Persianas,5213
clase,521317,Accesorios y ferretería para tratamiento de ventanas,5213
clase,521415,Electrodomésticos para cocina,5214
clase,521416,Lavadoras y suministros de uso doméstico,5214
clase,521417,Aparatos de baño domésticos,5214
clase,521418,Otros electrodomésticos,5214
clase,521515,Utensilios de cocina desechables domésticos,5215
clase,521516,Utensilios de cocina domésticos,5215
clase,521517,Cubertería y cuchillería de uso doméstico,5215
clase,521518,Batería de cocina doméstica,5215
clase,521519,Utensilios para hornear domésticos,5215
clase,521520,"Platos, utensilios para servir y recipientes para almacenar",5215
clase,521521,Cristalería de uso doméstico,5215
clase,521522,Lavado de platos y accesorios de almacenamiento de platos,5215
clase,521523,Suministros de cocina doméstica,5215
clase,521615,Equipos audiovisuales,5216
clase,521616,Accesorios de equipo audiovisual,5216
clase,521710,Tratamientos de pared de baño,5217
clase,531015,"Pantalones de deporte, pantalones y pantalones cortos",5310
clase,531016,Faldas y blusas,5310
clase,531017,Suéteres,5310
clase,531018,Abrigos y chaquetas,5310
clase,531019,Trajes,5310
clase,531020,"Vestidos, faldas, saris y kimonos",5310
clase,531021,Batas y monos,5310
clase,531022,Ropa folclórica,5310
clase,531023,Ropa interior,5310
clase,531024,Medias y calcetines,5310
clase,531025,Accesorios de vestir,5310
clase,531026,Ropa de dormir,5310
clase,531027,Uniformes,5310
clase,531028,Trajes de baño,5310
clase,531029,Prendas de deporte,5310
clase,531030,Camisetas,5310
clase,531031,Chalecos,5310
clase,531032,Ropas desechables,5310
clase,531115,Botas,5311
clase,531116,Zapatos,5311
clase,531117,Zapatillas,5311
clase,531118,Sandalias,5311
clase,531119,Calzado deportivo,5311
clase,531120,Accesorios para el calzado,5311
clase,531121,Chanclos,5311
clase,531215,Maletas,5312
clase,531216,"Monederos, bolsos de mano y bolsas",5312
clase,531217,Carteras,5312
clase,531218,Juegos y accesorios de viaje,5312
clase,531315,Dentales,5313
clase,531316,Baño y cuerpo,5313
clase,531317,Equipo para masaje terapéutico,5313
clase,531318,Accesorios y materiales para equipo de tatuajes,5313
clase,531415,Afianzadores de costura,5314
clase,531416,Suministros de costura variados,5314
clase,541015,Joyería fina,5410
clase,541016,Bisutería,5410
clase,541017,Herramientas y materiales de joyería,5410
clase,541115,Relojes de pulsera o bolsillo,5411
clase,541116,Relojes de pared o de mesa,5411
clase,541117,Piezas de relojes de pulsera o de pared o pie o accesorios,5411
clase,541215,Piedras preciosas,5412
clase,541216,Piedras semipreciosas,5412
clase,541217,Perlas,5412
clase,541218,Piedras preciosas o semipreciosas industriales,5412
clase,551015,Publicaciones impresas,5510
clase,551115,Publicaciones electrónicas y música,5511
clase,551116,Material de referencia de software electrónico,5511
clase,551215,Rótulos,5512
clase,551216,Etiquetas,5512
clase,551217,Señalización,5512
clase,551218,Documentos de identificación,5512
clase,551219,Señalizaciones,5512
clase,561015,Muebles,5610
clase,561016,Muebles para el exterior,5610
clase,561017,Muebles de oficina,5610
clase,561018,Accesorios y muebles de bebé y niño,5610
clase,561019,Piezas de mobiliario y accesorios,5610
clase,561115,Sitios de trabajo y paquetes para la oficina,5611
clase,561116,Sistemas de paneles,5611
clase,561117,Casegood y sistemas no modulares,5611
clase,561118,Muebles independientes,5611
clase,561119,Muebles industriales,5611
clase,561120,Muebles de apoyo de la computadora,5611
clase,561121,Asientos,5611
clase,561122,Sistemas de escritorios,5611
clase,561123,Partes y accesorios para asientos de auditorios o estadios o de uso especial,5611
clase,561210,Mobiliario de biblioteca,5612
clase,561211,Mobiliario de clase de arte,5612
clase,561212,Mobiliario de sala de primeros auxilios,5612
clase,561213,Accesorios de instalaciones educativas generales,5612
clase,561214,Mobiliario de cafetería y comedor,5612
clase,561215,Mobiliario general de aula,5612
clase,561216,Mobiliario para el tiempo de descanso y ocio creativo para guardería infantil e instalaciones para niños,5612
clase,561217,Módulos de almacenamiento general y de libros para las aulas,5612
clase,561218,Mobiliario y accesorios de aulas vocacionales,5612
clase,561219,Mobiliario de demostración,5612
clase,561220,Muebles de laboratorio,5612
clase,561315,Maniquíes y formas,5613
clase,561316,Exhibidores y accesorios auto soportados para mercancías,5613
clase,561317,"Aparatos, estantes, sistemas y accesorios para instalación de mercancías",5613
clase,561415,Adornos cerámicos para el hogar,5614
clase,561416,Adornos de vidrio para el hogar,5614
clase,601010,Kits de matemáticas,6010
clase,601011,Materiales electrónicos de aprendizaje,6010
clase,601012,Incentivos educativos,6010
clase,601013,Adhesivos educativos y suministros,6010
clase,601014,Premios de la clase,6010
clase,601016,Diplomas o certificados educativos,6010
clase,601017,Materiales de recursos del profesor,6010
clase,601018,Recursos educativos de las clases religiosas,6010
clase,601019,Recursos y materiales de destreza alfabética,6010
clase,601020,Materiales de recursos de creación de palabras y accesorios,6010
clase,601021,Materiales de recursos de lenguaje,6010
clase,601022,Materiales de recursos de fonética y accesorios,6010
clase,601023,Libros de lectura y recursos,6010
clase,601024,Recursos de cuenta y temprano aprendizaje de matemáticas y accesorios,6010
clase,601025,Recursos y materiales de numeración y operaciones matemáticas básicas,6010
clase,601026,"Materiales de recursos del profesor de resolución de problemas, datos, posibilidades y probabilidades",6010
clase,601027,"Materiales de recursos del profesor de pensamiento lógico, percepción espacial, identificación de coincidencias y patrones",6010
clase,601028,Materiales de recursos del profesor de valor de posición y base diez,6010
clase,601029,Materiales de recursos del profesor del dinero y la hora,6010
clase,601030,"Fracciones, pentominós y materiales de enseñanza de decimales",6010
clase,601031,Materiales de recursos del profesor de geometría,6010
clase,601032,Materiales de recursos del profesor de álgebra,6010
clase,601033,Materiales de recursos del profesor de precálculo y cálculo,6010
clase,601034,Recursos de habilidad de lectura de mapas y geografía y accesorios,6010
clase,601035,Ciencias políticas,6010
clase,601036,Recursos y actividades multiculturales,6010
clase,601037,Recursos de lenguas extranjeras,6010
clase,601038,Recursos de enseñanza de historia,6010
clase,601039,"Organismos vivos, especímenes conservados y materiales relacionados",6010
clase,601040,"Biotecnología, bioquímica, genética, microbiología y materiales relacionados",6010
clase,601041,Sistemas del cuerpo y materiales relacionados,6010
clase,601042,"Pruebas del agua, conservación y ecología",6010
clase,601043,Astronomía,6010
clase,601044,Geología y ciencias de la tierra,6010
clase,601045,"Química, electroquímica y microquímica",6010
clase,601046,Materiales de física mecánica,6010
clase,601047,Materiales de física de energía y electricidad,6010
clase,601048,Materiales de física del sonido y las ondas,6010
clase,601049,Materiales de física de electricidad,6010
clase,601050,Materiales de física nuclear,6010
clase,601051,"Cohetes, materiales de vuelo y suministros",6010
clase,601052,Materiales educativos de recursos de aptitudes de vida,6010
clase,601053,Materiales educativos de educación de carrera,6010
clase,601054,"Materiales educativos de vida independiente, administración del dinero y economía doméstica",6010
clase,601055,Materiales educativos de diseño del hogar y de interiores,6010
clase,601056,"Materiales educativos de preparación de alimentos, nutrición y educación sobre la salud",6010
clase,601057,Álbumes de recuerdos y suministros,6010
clase,601058,Materiales educativos de diseño textil y de ropa,6010
clase,601059,"Materiales educativos sobre las relaciones y el sexo, el embarazo de adolescentes, aptitudes de crianza y desarrollo del niño",6010
clase,601060,"Guías de planes de estudio, proyectos, actividades y lecciones",6010
clase,601061,Materiales de enseñanza vocacional,6010
clase,601062,Materiales de enseñanza de tecnología,6010
clase,601063,Equipo de enseñanza de ciencia forense y suministros,6010
clase,601064,Equipo de enseñanza de electrónica y suministros,6010
clase,601065,Suministros religiosos,6010
clase,601066,Materiales para pruebas de aptitud y vocacionales,6010
clase,601110,Pósteres o gráficos del aula,6011
clase,601111,Sets de tablón de anuncios,6011
clase,601112,Guardas y remates de tablón de anuncios,6011
clase,601113,Letras y números decorativos,6011
clase,601114,Decoraciones especiales para el aula y accesorios decorativos,6011
clase,601210,Arte,6012
clase,601211,"Lienzos, películas, tableros y papeles de artista",6012
clase,601212,"Pintura del aula y de bellas artes, medios, aplicadores y accesorios",6012
clase,601213,Productos de corte de manualidades y arte,6012
clase,601214,Enmarcado de cuadro,6012
clase,601215,"Utensilios de dibujo, suministros y accesorios",6012
clase,601216,Materiales de estudio,6012
clase,601217,Suministros y accesorios de grabados,6012
clase,601218,Tintas de dibujo e impresión,6012
clase,601219,Materiales de decoración de telas y arte textil y suministros,6012
clase,601220,"Equipo de tejido, pespunteado y cosido y accesorios",6012
clase,601221,Velas artesanales,6012
clase,601222,Ebanistería,6012
clase,601223,Suministros de cestería,6012
clase,601224,Suministros de vidrieras de colores,6012
clase,601225,Manualidades de papel y papel artesanal,6012
clase,601226,Mosaicos,6012
clase,601227,Pinturas de esmaltado y accesorios,6012
clase,601228,Máscaras,6012
clase,601229,Cuentas o accesorios de enhebrado de cuentas,6012
clase,601230,Artesanía de espuma,6012
clase,601231,Artesanía de cañas de felpilla,6012
clase,601232,Materiales de artesanía de cintas,6012
clase,601233,Pompones de artesanía,6012
clase,601234,Materiales de ojos móviles,6012
clase,601235,Materiales de artesanía de cuero,6012
clase,601236,Purpurina,6012
clase,601237,Materiales de artesanía de macramé y accesorios,6012
clase,601238,Suministros y accesorios de veteado,6012
clase,601239,Lentejuelas y ribetes,6012
clase,601240,Suministros de artesanía del corcho y accesorios,6012
clase,601241,Materiales de proyecto multicultural y accesorios,6012
clase,601242,Proyectos completos de planes de estudios,6012
clase,601243,"Compuestos de modelado y arcilla, equipo de cerámica y accesorios",6012
clase,601244,Metales de artesanía,6012
clase,601245,Suministros y accesorios de escultura,6012
clase,601310,Instrumentos de teclado,6013
clase,601311,Instrumentos de metal,6013
clase,601312,Instrumentos de viento de madera,6013
clase,601313,Instrumentos de cuerda,6013
clase,601314,Instrumentos de percusión,6013
clase,601315,Piezas y accesorios de instrumentos musicales,6013
clase,601316,Sets de instrumentos musicales,6013
clase,601317,Instrumentos musicales de sonidos alternativos,6013
clase,601318,Accesorios de música y danza,6013
clase,601410,Juguetes,6014
clase,601411,Juegos,6014
clase,601412,Equipo de juegos activos y accesorios,6014
clase,601413,Sistemas de construcción y bloques infantiles,6014
clase,601414,Equipo de representación teatral y accesorios,6014
clase,701015,Explotaciones pesqueras,7010
clase,701016,Vigilancia pesquera,7010
clase,701017,Industria y tecnología pesquera,7010
clase,701018,Recursos pesqueros,7010
clase,701019,Acuicultura,7010
clase,701115,Plantas y árboles ornamentales,7011
clase,701116,Plantas de flor,7011
clase,701117,"Parques, jardines y huertos",7011
clase,701215,Industria lechera,7012
clase,701216,Industria ganadera,7012
clase,701217,Gestión ganadera,7012
clase,701218,Industria de animales domésticos,7012
clase,701219,Servicios de pastos y dehesas,7012
clase,701220,Salud animal,7012
clase,701315,Protección del terreno y del suelo,7013
clase,701316,Preparación del terreno y del suelo,7013
clase,701317,Gestión del terreno y del suelo,7013
clase,701415,Producción de cultivos,7014
clase,701416,Protección de cultivos,7014
clase,701417,Gestión de cultivos,7014
clase,701418,Plantación y cultivo de cultivos,7014
clase,701419,Cosecha de cultivos,7014
clase,701420,Elaboración de cultivos posterior a la cosecha,7014
clase,701515,Gestión de cultivos forestales,7015
clase,701516,Industria forestal,7015
clase,701517,Cosecha forestal,7015
clase,701518,Servicios de conservación forestal,7015
clase,701519,Recursos forestales,7015
clase,701615,Fauna,7016
clase,701616,Flora,7016
clase,701617,Ecosistemas,7016
clase,701715,Desarrollo,7017
clase,701716,Vigilancia,7017
clase,701717,Riego,7017
clase,701718,Servicios de drenaje,7017
clase,711015,Prospección minera,7110
clase,711016,Servicios mineros de perforación y voladura,7110
clase,711017,Extracción,7110
clase,711120,Servicios de registrar hoyo encerrado de pozos,7111
clase,711121,Servicios de registrar pozo de perforación abierta,7111
clase,711122,Otros servicios de registración,7111
clase,711123,Servicios sísmicos,7111
clase,711210,Servicios de bombear cemento,7112
clase,711211,Servicios de tubería adujada,7112
clase,711212,Servicios de extracción de muestras,7112
clase,711213,Servicios de herramientas barrenos hacia abajo,7112
clase,711214,Servicios de broca de barrena del campo petrolífero,7112
clase,711215,Servicios de medida de perforación,7112
clase,711216,Servicios de perforación del pozo petrolero,7112
clase,711217,Servicios de pesca en el campo petrolífero,7112
clase,711218,Servicios de elevación por presión de gas,7112
clase,711219,Servicios de fluido barreno hacia abajo,7112
clase,711220,Servicios de perforación de pozo,7112
clase,711221,Servicios de control de arena del campo petrolero,7112
clase,711222,Servicios de película oleosa,7112
clase,711223,Servicios de pozo submarino,7112
clase,711224,Servicios de pruebas del pozo submarino,7112
clase,711225,Servicios de control de gas o agua,7112
clase,711226,Servicios de terminación del pozo,7112
clase,711227,Servicios de mantenimiento del pozo,7112
clase,711228,Servicios de monitor del pozo petrolero,7112
clase,711229,Aparejos del campo petrolífero,7112
clase,711230,Servicios integrados,7112
clase,711310,Servicios de fracturar del pozo,7113
clase,711311,Servicios de estimulación de la matriz,7113
clase,711312,Servicios de nitrógeno del campo petrolífero,7113
clase,711313,Otros servicios de bombeo del campo petrolífero,7113
clase,711314,Servicios de producción del pozo,7113
clase,711410,Servicios de emergencia de control del pozo,7114
clase,711411,Servicios de tapar y abandono del pozo,7114
clase,711412,Servicios de restaurar el sitio del pozo,7114
clase,711510,Servicios de comunicación de datos del campo petrolífero,7115
clase,711511,Servicios de gerencia de datos del campo petrolífero,7115
clase,711512,Servicios de modelo económico y de riesgo del campo petrolífero,7115
clase,711513,Servicios de interpretación del campo petrolífero,7115
clase,711514,Servicios de ingeniería del pozo,7115
clase,711610,Servicios de modelar del campo petrolífero,7116
clase,711611,Gerencia de la ingeniería de producción del campo petrolífero,7116
clase,711612,Gerencia de las operaciones de producción del campo petrolífero,7116
clase,711613,Servicios de manejo de proyectos del campo,7116
clase,711614,Servicios de manejo de proyectos del campo petrolero,7116
clase,711615,Servicios de operación del lugar de la perforación,7116
clase,711616,Otros servicios de soporte para campos petroleros,7116
clase,721015,Servicios de apoyo para la construcción,7210
clase,721021,Control de plagas,7210
clase,721029,Servicios de mantenimiento y reparación de instalaciones,7210
clase,721031,Instalación y reparación de servicios de bandas transportadoras,7210
clase,721033,Servicios de mantenimiento y reparación de infraestructura,7210
clase,721110,Servicios de construcción de unidades unifamiliares,7211
clase,721111,Servicios de construcción de unidades multifamiliares,7211
clase,721210,Servicios de construcción de edificios industriales y bodegas nuevas,7212
clase,721211,Servicios de construcción de edificios comerciales y de oficina,7212
clase,721212,Servicios de construcción de edificios agrícolas,7212
clase,721213,Servicios de construcción de talleres automotrices y estaciones de servicio,7212
clase,721214,Servicios de construcción de edificios públicos especializados,7212
clase,721215,Servicios de construcción de plantas industriales,7212
clase,721410,Servicios de construcción de autopistas y carreteras,7214
clase,721411,Servicios de pavimentación y superficies de edificios de infraestructura,7214
clase,721412,Servicios de construcción marina,7214
clase,721413,Servicio de construcción de facilidades atléticas y recreativas,7214
clase,721414,Servicios de construcción y reparación de facilidades de detención,7214
clase,721415,Servicios de preparación de tierras,7214
clase,721416,Servicios de construcción de sistemas de tránsito masivo,7214
clase,721417,Servicios de alquiler o arrendamiento de equipo y maquinaria de construcción,7214
clase,721510,Servicios de construcción y mantenimiento de calderas y hornos,7215
clase,721511,Servicios de construcción de plomería,7215
clase,721512,Servicios de construcción y mantenimiento de HVAC calefacción y enfriamiento y aire acondicionado,7215
clase,721513,Servicios de pintura e instalación de papel de colgadura,7215
clase,721514,Servicios de construcción de recubrimientos de muros,7215
clase,721515,Servicios de sistemas eléctricos,7215
clase,721516,Servicios de sistemas especializados de comunicación,7215
clase,721517,Servicios de instalación de sistemas de seguridad física e industrial,7215
clase,721518,Servicios de mantenimiento y reparación de instalación de máquinas,7215
clase,721519,Servicios de albañilería y mampostería,7215
clase,721520,Servicios de pañetado y drywall,7215
clase,721521,Servicios acústicos y de aislamiento,7215
clase,721522,Servicios de baldosas Terrazo y mármol y mosaicos,7215
clase,721523,Servicios de carpintería,7215
clase,721524,Servicios de montaje e instalación de ventanas y puertas,7215
clase,721525,Servicios de instalación de pisos,7215
clase,721526,Servicios de techado y paredes externas y láminas de metal,7215
clase,721527,Servicios de instalación y reparación de concreto,7215
clase,721528,Servicios de perforación de pozos de agua,7215
clase,721529,Servicios de montaje de acero estructural,7215
clase,721530,Servicios de vidrios y ventanería,7215
clase,721531,Servicios de construcción de facilidades atléticas y recreativas,7215
clase,721532,"Servicios de recubrimiento, impermeabilización protección contra clima y fuego",7215
clase,721533,Servicios de mantenimiento e instalación de equipo de estación de servicio,7215
clase,721534,Servicios de aparejamiento y andamiaje,7215
clase,721535,Servicios de limpieza estructural externa,7215
clase,721536,"Servicios de terminado interior, dotación y remodelación",7215
clase,721537,"Servicios de instalación, mantenimiento y reparación de equipos y construcción de parqueaderos",7215
clase,721539,Servicio de preparación de obras de construcción,7215
clase,721540,Servicios de edificios especializados y comercios,7215
clase,721541,Servicios de mantenimiento y reparación de equipo de sistemas de distribución y acondicionamiento,7215
clase,721542,Servicios de mantenimiento y reparación de instalación de instrumentación,7215
clase,721543,Servicios de mantenimiento y reparación de equipo motivo y generación de energía eléctrica,7215
clase,721544,Servicios de mantenimiento y fabricación de accesorios para tuberías,7215
clase,721545,Servicios de mantenimiento e instalación de equipo pesado,7215
clase,731015,Producción petroquímica y de plástico,7310
clase,731016,Producción de químicos y fertilizantes,7310
clase,731017,Producción farmacéutica,7310
clase,731018,Producción bioquímica y de biotecnología,7310
clase,731019,Producción de caucho,7310
clase,731115,Procesamiento de madera,7311
clase,731116,Procesamiento de pulpa y papel,7311
clase,731215,Procesos de fundición y refinación y formado de metales,7312
clase,731216,Terminación de metales,7312
clase,731218,Servicios de industria de productos de minerales no metálicos,7312
clase,731315,Procesamiento de bebidas,7313
clase,731316,Procesamiento de carnes y aves y peces y mariscos,7313
clase,731317,Procesamiento de frutas y vegetales,7313
clase,731318,Procesamiento de lácteos y huevos,7313
clase,731319,Procesamiento de granos y azúcar y aceites y grasas,7313
clase,731415,Producción de fibra,7314
clase,731416,Procesamiento de hebras e hilos,7314
clase,731417,Producción de telas y cuero,7314
clase,731515,Servicios de ensamble,7315
clase,731516,Servicios de empaque,7315
clase,731517,Tratamiento de materiales,7315
clase,731518,Servicios de conversión,7315
clase,731519,Servicios a la industria de impresión,7315
clase,731520,Servicios de llenado,7315
clase,731521,Servicios de mantenimiento y reparación de equipo de manufactura,7315
clase,731615,Manufactura de maquinaria,7316
clase,731616,Manufactura de equipo de transporte,7316
clase,731715,Manufactura de bienes eléctricos,7317
clase,731716,Manufactura de instrumentos de precisión,7317
clase,731810,Servicios de maquinado,7318
clase,731811,Servicios de revestimiento,7318
clase,731812,Servicios de formado,7318
clase,731813,Servicios de tratamiento de calor,7318
clase,731819,Servicios de soldadura,7318
clase,761015,Desinfección,7610
clase,761016,Descontaminación de materiales peligrosos,7610
clase,761115,Servicios de limpieza y mantenimiento de edificios generales y de oficinas,7611
clase,761116,Servicios de limpieza de componentes de edificios,7611
clase,761118,Limpieza de vehículos de transporte,7611
clase,761215,Recolección y disposición de basuras,7612
clase,761216,Disposición de desechos no peligrosos,7612
clase,761217,Tratamiento de desechos líquidos,7612
clase,761219,Disposición de desechos peligrosos,7612
clase,761220,Servicios de basurero,7612
clase,761221,Servicios de mezcla de desechos a combustible,7612
clase,761222,Servicios de incineración de desechos,7612
clase,761223,Servicios de reciclables,7612
clase,761224,Honorarios de disposición y tratamiento de basuras,7612
clase,761315,Tratamiento de basura nuclear,7613
clase,761316,Limpieza de derrames tóxicos,7613
clase,761317,Limpieza de derrames de petróleo,7613
clase,771015,Evaluación de impacto ambiental,7710
clase,771016,Planeación ambiental,7710
clase,771017,Servicios de asesoría ambiental,7710
clase,771018,Auditoría ambiental,7710
clase,771019,Servicios de investigación de contaminación,7710
clase,771020,Servicios de reporte ambiental,7710
clase,771115,Servicios de seguridad ambiental,7711
clase,771116,Rehabilitación ambiental,7711
clase,771215,Contaminación del aire,7712
clase,771216,Contaminación del suelo,7712
clase,771217,Contaminación del agua,7712
clase,771315,Contaminación de petróleo,7713
clase,771316,Contaminación auditiva,7713
clase,771317,Contaminación de sustancias tóxicas,7713
clase,781015,Transporte de carga aérea,7810
clase,781016,Transporte de carga por ferrocarril,7810
clase,781017,Transporte de carga por mar,7810
clase,781018,Transporte de carga por carretera,7810
clase,781019,Transporte de carga intermodal,7810
clase,781020,Transporte de carga en naves espaciales,7810
clase,781021,Servicios de oleoductos,7810
clase,781022,Servicios postales de paqueteo y courrier,7810
clase,781115,Transporte de pasajeros aérea,7811
clase,781116,Transporte de pasajeros por ferrocarril,7811
clase,781117,Transporte de pasajeros por mar,7811
clase,781118,Transporte de pasajeros por carretera,7811
clase,781119,Transporte espacial,7811
clase,781215,Empaque,7812
clase,781216,Servicios de manejo de materiales,7812
clase,781315,Bodegaje de productos agrícolas,7813
clase,781316,Almacenamiento de bienes generales,7813
clase,781317,Almacenamiento a granel,7813
clase,781318,Bodegaje y almacenamiento especializado,7813
clase,781415,Servicios de organización de transportes,7814
clase,781416,Inspección,7814
clase,781417,Servicios a la navegación,7814
clase,781418,Servicios al terminal,7814
clase,781419,Servicios de alquiler de contenedores de transporte,7814
clase,781815,Servicios de mantenimiento y reparación de vehículos,7818
clase,781816,Servicios de panel y pintura,7818
clase,781817,Servicios de soporte de llenado de combustible de vehículos y almacenamiento de vehículos,7818
clase,781818,Servicios de mantenimiento y reparación de aeronaves,7818
clase,781819,Servicios de mantenimiento y reparación de equipo de navegación,7818
clase,801015,Servicios de consultoría de negocios y administración corporativa,8010
clase,801016,Gerencia de proyectos,8010
clase,801017,Gerencia industrial,8010
clase,801115,Desarrollo de recursos humanos,8011
clase,801116,Servicios de personal temporal,8011
clase,801117,Reclutamiento de personal,8011
clase,801215,Servicios de derecho penal,8012
clase,801216,Servicios de derecho comercial,8012
clase,801217,Servicios de responsabilidad civil,8012
clase,801218,Servicios de derecho de familia,8012
clase,801219,Servicios de participación compensada legal,8012
clase,801315,Alquiler y arrendamiento de propiedades o edificaciones,8013
clase,801316,Ventas de propiedades y edificios,8013
clase,801317,Servicios de custodia y título,8013
clase,801318,Servicios de administración inmobiliaria,8013
clase,801415,Investigación de mercados,8014
clase,801416,Actividades de ventas y promoción de negocios,8014
clase,801417,Distribución,8014
clase,801418,Servicios de correo,8014
clase,801419,Exhibiciones y ferias comerciales,8014
clase,801515,Facilitación del comercio,8015
clase,801516,Servicios de comercio internacional,8015
clase,801615,Servicios de apoyo gerencial,8016
clase,801616,Supervisión de instalaciones de negocios,8016
clase,801617,Servicios de recuperación de activos,8016
clase,801618,Servicios de alquiler o arrendamiento de equipo de oficina,8016
clase,811015,Ingeniería civil,8110
clase,811016,Ingeniería mecánica,8110
clase,811017,Ingeniería eléctrica y electrónica,8110
clase,811018,Ingeniería química,8110
clase,811019,Ingeniería de petróleos y gas,8110
clase,811020,Ingeniería de minas,8110
clase,811021,Ingeniería de océanos,8110
clase,811022,Ingeniería de transporte,8110
clase,811023,Ingeniería aeronáutica,8110
clase,811024,Ingeniería de transmisión de energía eléctrica,8110
clase,811025,Servicios de permisos,8110
clase,811026,Servicios de muestreo,8110
clase,811027,Servicios de diseño e ingeniería de sistemas instrumentados de control,8110
clase,811115,Ingeniería de software o hardware,8111
clase,811116,Programadores de computador,8111
clase,811117,Sistemas de manejo de información MIS,8111
clase,811118,Servicios de sistemas y administración de componentes de sistemas,8111
clase,811119,Sistemas de recuperación de información,8111
clase,811120,Servicios de datos,8111
clase,811121,Servicios de internet,8111
clase,811122,Mantenimiento y soporte de software,8111
clase,811123,Mantenimiento y soporte de hardware de computador,8111
clase,811124,Servicios de alquiler o arrendamiento de hardware de computador,8111
clase,811125,Servicios de alquiler o arrendamiento de licencias de software de computador,8111
clase,811215,Análisis económico,8112
clase,811216,Sistemas y emisiones monetarias,8112
clase,811315,Metodología y Análisis,8113
clase,811415,Control de calidad,8114
clase,811416,Manejo de cadena de suministros,8114
clase,811417,Planeación y control de producción,8114
clase,811418,Administración de instalaciones,8114
clase,811419,Servicios de investigación y desarrollo de tecnología manufacturera,8114
clase,811515,Meteorología,8115
clase,811516,Cartografía,8115
clase,811517,Geología,8115
clase,811518,Oceanografía e hidrología,8115
clase,811519,Geofísica,8115
clase,811615,Servicios de administración de acceso,8116
clase,811616,Servicios de correo electrónico y mensajería,8116
clase,811617,Servicios de telecomunicaciones,8116
clase,811618,Servicios de alquiler o arrendamiento de equipos o plataformas de voz y datos o multimedia,8116
clase,821015,Publicidad impresa,8210
clase,821016,Publicidad difundida,8210
clase,821017,Publicidad aérea,8210
clase,821018,Servicios de agencia de publicidad,8210
clase,821019,Colocación y cumplimiento de medios,8210
clase,821115,Escritura técnica,8211
clase,821116,Escritura no técnica,8211
clase,821117,Escritura creativa,8211
clase,821118,Servicios editoriales y de soporte,8211
clase,821119,Servicios de noticias y publicidad,8211
clase,821120,Servicios de interpretación de idiomas de forma presencial,8211
clase,821215,Impresión,8212
clase,821216,Grabado,8212
clase,821217,Fotocopiado,8212
clase,821218,Publicación,8212
clase,821219,Empaste de libros,8212
clase,821315,Servicios de procesado de películas,8213
clase,821316,Fotógrafos y cinematógrafos,8213
clase,821415,Servicios de diseño artístico,8214
clase,821416,Servicios de exhibición gráfica,8214
clase,821515,Servicios de artes visuales,8215
clase,821516,Artistas de circo,8215
clase,821517,Profesionales de las artes escénicas,8215
clase,831015,Servicios de acueducto y alcantarillado,8310
clase,831016,Servicios de petróleo y gas,8310
clase,831018,Servicios eléctricos,8310
clase,831019,Conservación de energía,8310
clase,831115,Comunicaciones telefónicas locales y de larga distancia,8311
clase,831116,Servicios de comunicaciones móviles,8311
clase,831117,Servicios de facsímil y telégrafos,8311
clase,831118,Servicios de televisión,8311
clase,831119,Servicios de radio,8311
clase,831122,Servicios mejorados de telecomunicaciones,8311
clase,831123,Servicios de telecomunicaciones por fibra,8311
clase,831124,Servicios de telecomunicaciones de marcado conmutado y circuito de línea dedicada alquilada,8311
clase,831125,Capacidades de eje troncal,8311
clase,831126,Acceso de clientes,8311
clase,831215,Bibliotecas,8312
clase,831216,Centros de información,8312
clase,831217,Servicios de comunicación masiva,8312
clase,841015,Asistencia de desarrollo,8410
clase,841016,Financiación de ayudas,8410
clase,841017,Manejo de duda,8410
clase,841115,Servicios contables,8411
clase,841116,Servicios de auditoría,8411
clase,841117,Finanzas corporativas,8411
clase,841118,Asuntos y preparación de impuestos,8411
clase,841215,Instituciones bancarias,8412
clase,841216,Servicios de transferencia de fondos y canje y cambios,8412
clase,841217,Asesoría de inversiones,8412
clase,841218,Servicios de mercados de títulos valores y commodities,8412
clase,841219,Banca hipotecaria,8412
clase,841220,Servicios de cajillas de seguridad,8412
clase,841315,Servicios de seguros para estructuras y propiedades y posesiones,8413
clase,841316,"Seguros de vida, salud y accidentes",8413
clase,841317,Fondos de pensiones,8413
clase,841318,Fondos de retiro,8413
clase,841415,Agencias  de crédito gubernamental,8414
clase,841416,Agencias de crédito personal,8414
clase,841417,Agencias de crédito comercial,8414
clase,851015,Centros de salud,8510
clase,851016,Personas de soporte de prestación de servicios de salud,8510
clase,851017,Servicios de administración de salud,8510
clase,851115,Prevención y control de enfermedades contagiosas,8511
clase,851116,Prevención y control de enfermedades no contagiosas,8511
clase,851117,Manejo y control de vectores de enfermedad,8511
clase,851215,Servicios de prestadores de cuidado primario,8512
clase,851216,Servicios médicos de doctores especialistas,8512
clase,851217,Servicios de prestadores especialistas de servicios de salud,8512
clase,851218,Laboratorios médicos,8512
clase,851219,Farmacéuticos,8512
clase,851220,Servicios dentales,8512
clase,851221,Servicios de rehabilitación,8512
clase,851222,Servicios de evaluación y valoración de salud individual,8512
clase,851315,Servicios de medicina experimental,8513
clase,851316,Ética médica,8513
clase,851317,Ciencia e investigación médica,8513
clase,851415,Curanderos,8514
clase,851416,Tratamientos herbales,8514
clase,851417,Práctica homeopática,8514
clase,851515,Tecnología de alimentos,8515
clase,851516,Asuntos nutricionales,8515
clase,851517,Planeación y ayuda de política de alimentos,8515
clase,851615,Reparación de equipo médico o quirúrgico,8516
clase,851715,Servicios funerarios y asociados,8517
clase,851716,Cuidado en hospicios,8517
clase,861015,Servicios de entrenamiento en Agricultura y silvicultura y otros recursos naturales,8610
clase,861016,Servicios de capacitación vocacional científica,8610
clase,861017,Servicios de capacitación vocacional no - científica,8610
clase,861018,Entrenamiento en servicio y desarrollo de mano de obra,8610
clase,861115,Servicios de aprendizaje a distancia,8611
clase,861116,Educación de adultos,8611
clase,861117,Educación de idiomas,8611
clase,861118,Intercambios estudiantiles,8611
clase,861215,Escuelas elementales y secundarias,8612
clase,861216,Colegios Menores,8612
clase,861217,Universidades y politécnicos,8612
clase,861218,Escuelas profesionales,8612
clase,861315,Bellas Artes,8613
clase,861316,Música y drama,8613
clase,861317,"Conducción de vehículos, buques y aeronaves",8613
clase,861318,Educación militar,8613
clase,861319,Escuelas para gente con discapacidades,8613
clase,861320,Servicios de educación y capacitación en administración,8613
clase,861415,Servicios de guía educativa,8614
clase,861416,Organizaciones de estudiantes,8614
clase,861417,Tecnología educacional,8614
clase,901015,Establecimientos para comer y beber,9010
clase,901016,Servicios de banquetes y catering,9010
clase,901017,Servicios de cafetería,9010
clase,901018,Servicios de comida para llevar y a domicilio,9010
clase,901115,Hoteles y moteles y pensiones,9011
clase,901116,Facilidades para encuentros,9011
clase,901117,Facilidades para acampar,9011
clase,901118,Cuartos de hotel,9011
clase,901215,Agentes de viajes,9012
clase,901216,Asistencia en documentos de viajes,9012
clase,901217,Guías e intérpretes,9012
clase,901218,Servicios de asistencia de emergencia en viajes,9012
clase,901315,Actuaciones en vivo,9013
clase,901316,Actuaciones grabadas o películas,9013
clase,901415,Eventos profesionales deportivos,9014
clase,901416,Promoción y patrocinio de eventos deportivos,9014
clase,901417,Deportes aficionados y recreacionales,9014
clase,901515,Atracciones turísticas,9015
clase,901516,Shows viajeros,9015
clase,901517,Parques de diversiones,9015
clase,901518,Carnavales y ferias,9015
clase,901519,Establecimientos de Juegos de azar y de apuestas,9015
clase,901520,Clubes nocturnos y salones de baile,9015
clase,901521,Servicios de conserjería,9015
clase,911015,Facilidades de spa y ejercicios y rejuvenecimiento,9110
clase,911016,Cuidado facial y corporal,9110
clase,911017,Cuidado del pelo,9110
clase,911018,Alquiler de ropa,9110
clase,911019,Consultores de modas,9110
clase,911115,Servicios de lavandería,9111
clase,911116,Asistencia y cuidado del hogar,9111
clase,911117,Servicios de compra y trueque de consumo,9111
clase,911118,Cuidado y almacenamiento de ítems personales,9111
clase,911119,Servicios de cuidado temporal,9111
clase,921015,Servicios de policía,9210
clase,921016,Servicios de bomberos,9210
clase,921017,Sistemas de cárceles y prisiones,9210
clase,921018,Sistemas judiciales,9210
clase,921019,Servicios de rescate,9210
clase,921115,Mantenimiento de la paz y seguridad internacionales,9211
clase,921116,Desarmamiento,9211
clase,921117,Ciencia e investigación militar,9211
clase,921118,Personal y disciplina militar,9211
clase,921119,Policía militar,9211
clase,921120,Zonas militares,9211
clase,921121,Guerra nuclear,9211
clase,921122,Tácticas militares,9211
clase,921123,Bases militares,9211
clase,921124,Conflictos e incidentes armados,9211
clase,921215,Servicios de guardias,9212
clase,921216,Servicios de detectives,9212
clase,921217,Servicios de sistemas de seguridad,9212
clase,921218,Servicios de Carros blindados y transporte de valores,9212
clase,921219,Servicios de seguridad marina,9212
clase,931015,Cuerpos políticos,9310
clase,931016,Funcionarios políticos,9310
clase,931017,Cuerpos y práctica legislativa,9310
clase,931115,Movimientos políticos,9311
clase,931116,Representación y participación política,9311
clase,931215,Diplomacia,9312
clase,931216,Relaciones internacionales y cooperación,9312
clase,931217,Organizaciones internacionales,9312
clase,931315,Programas de refugiados,9313
clase,931316,Planeación y programas de políticas de alimentación y nutrición,9313
clase,931317,Programas de salud,9313
clase,931318,Preparación y alivio de desastres,9313
clase,931415,Desarrollo y servicios sociales,9314
clase,931416,Población,9314
clase,931417,Cultura,9314
clase,931418,Empleo,9314
clase,931419,Desarrollo rural,9314
clase,931420,Desarrollo urbano,9314
clase,931421,Desarrollo regional,9314
clase,931515,Administración pública,9315
clase,931516,Finanzas públicas,9315
clase,931517,Monedas,9315
clase,931615,Impuesto de renta,9316
clase,931616,Impuestos distintos del impuesto de renta,9316
clase,931617,Administración tributaria,9316
clase,931618,Temas tributarios,9316
clase,931715,Política comercial,9317
clase,931716,Comercio internacional,9317
clase,931717,Administración y cumplimiento aduanero,9317
clase,931718,Análisis de comercio,9317
clase,941015,Asociaciones de negocios,9410
clase,941016,Asociaciones profesionales,9410
clase,941017,Asociaciones de personal,9410
clase,941018,Sindicatos,9410
clase,941117,Residencias religiosas,9411
clase,941118,Organizaciones y servicios de peregrinaje,9411
clase,941119,Servicios misioneros,9411
clase,941120,Servicios confesionarios,9411
clase,941215,Clubes deportivos,9412
clase,941216,Clubes de hobbies,9412
clase,941217,Clubes de aficionados,9412
clase,941218,Clubes sociales,9412
clase,941315,Organizaciones no gubernamentales,9413
clase,941316,Organizaciones de caridad,9413
clase,941317,Asociaciones verdes,9413
clase,941318,Movimientos,9413
clase,941319,Asociaciones protectoras de animales,9413
clase,941320,Asociaciones de defensa y promoción de los derechos humanos,9413
clase,951015,Lotes residenciales,9510
clase,951016,Lotes comerciales,9510
clase,951017,Lotes industriales,9510
clase,951018,Lotes de terrenos gubernamentales,9510
clase,951019,Tierras agrícolas,9510
clase,951115,Vías de tráfico limitado,9511
clase,951116,Vías de tráfico abierto,9511
clase,951215,Edificios y estructuras comerciales y de entretenimiento,9512
clase,951216,Edificios y estructuras de transporte,9512
clase,951217,Edificios y estructuras públicos,9512
clase,951218,Edificios y estructuras utilitarios,9512
clase,951219,Edificios y estructuras educacionales y de administración,9512
clase,951220,Edificios y estructuras hospitalarias,9512
clase,951221,Edificios y estructuras de acomodaciones,9512
clase,951223,Edificios y estructuras de salud y deportivas,9512
clase,951224,Edificios y estructuras industriales,9512
clase,951225,Edificios y estructuras agrícolas y de cultivos y pesca,9512
clase,951226,Edificios y estructuras religiosas,9512
clase,951227,Edificios y estructuras de defensa,9512
clase,951315,Tarimas y graderías,9513
clase,951316,Edificios y estructuras comerciales e industriales portátiles,9513
clase,951317,Tiendas carpas y estructuras de membrana,9513
clase,951415,Edificios y estructuras prefabricados para fincas,9514
clase,951416,Edificios y estructuras prefabricados residenciales,9514
clase,951417,Edificios y estructuras prefabricados comerciales e industriales,9514
clase,951418,Edificios y estructuras prefabricados de emergencia y alivio,9514
clase,951419,Edificios y estructuras prefabricados médicos,9514
